,left_start_idx,left_end_idx,right_start_idx,right_end_idx,text
5162,02065_Skirt_000144_000035,02065_Skirt_000144_000115,02065_Skirt_000144_000035,02065_Skirt_000144_000140,"Create a fold in the skirt, going from top to bottom."
5163,07456_Skirt_000452_000040,07456_Skirt_000452_000085,07456_Skirt_000452_000035,07456_Skirt_000452_000100,"Fold the skirt in half, with the left side overlapping the right."
5164,04759_Skirt_000283_000030,04759_Skirt_000283_000070,04759_Skirt_000283_000035,04759_Skirt_000283_000075,"Fold the skirt neatly, from the left side to the right side."
5165,02433_Skirt_000161_000025,02433_Skirt_000161_000075,02433_Skirt_000161_000035,02433_Skirt_000161_000085,"Fold the skirt, bringing the left side to meet the right side."
5166,01463_Skirt_000116_000030,01463_Skirt_000116_000110,01463_Skirt_000116_000035,01463_Skirt_000116_000125,"Make a fold in the skirt, starting from the left and ending at the right."
5167,05626_Skirt_000344_000025,05626_Skirt_000344_000085,05626_Skirt_000344_000030,05626_Skirt_000344_000080,"Fold the skirt in half, aligning the top left and right sides."
5168,00236_Skirt_000016_000030,00236_Skirt_000016_000085,00236_Skirt_000016_000025,00236_Skirt_000016_000075,"Fold the skirt in half, aligning the right and left sides."
5169,02059_Skirt_000143_000030,02059_Skirt_000143_000085,02059_Skirt_000143_000025,02059_Skirt_000143_000075,"Bend the skirt in half, from right to left."
5171,02365_Skirt_000157_000030,02365_Skirt_000157_000150,02365_Skirt_000157_000025,02365_Skirt_000157_000080,"Fold the skirt in half, with the right side overlapping the left."
5174,06843_Skirt_000419_000055,06843_Skirt_000419_000110,06843_Skirt_000419_000055,06843_Skirt_000419_000115,"Fold the skirt in half, starting from the left and ending at the right."
5175,06412_Skirt_000400_000035,06412_Skirt_000400_000110,06412_Skirt_000400_000035,06412_Skirt_000400_000090,"Crease the skirt down the middle, from right to left."
5176,00628_Skirt_000049_000030,00628_Skirt_000049_000085,00628_Skirt_000049_000030,00628_Skirt_000049_000085,"Fold the skirt, making a crease from the top left to the top right."
5177,05126_Skirt_000310_000050,05126_Skirt_000310_000095,05126_Skirt_000310_000030,05126_Skirt_000310_000090,"Fold the waistband of the skirt in half, from right to left."
5180,04974_Skirt_000300_000035,04974_Skirt_000300_000100,04974_Skirt_000300_000035,04974_Skirt_000300_000090,"Fold the skirt, making a crease from the right to the left."
5185,04176_Skirt_000255_000025,04176_Skirt_000255_000085,04176_Skirt_000255_000030,04176_Skirt_000255_000080,"Fold the skirt, ensuring the top left side meets the top right side."
5186,05910_Skirt_000365_000040,05910_Skirt_000365_000085,05910_Skirt_000365_000040,05910_Skirt_000365_000125,"Fold the skirt, making a crease from the left to the right."
5187,07297_Skirt_000442_000035,07297_Skirt_000442_000080,07297_Skirt_000442_000030,07297_Skirt_000442_000085,"Fold the skirt, orientating from the right towards the left."
5188,07367_Skirt_000447_000065,07367_Skirt_000447_000125,07367_Skirt_000447_000065,07367_Skirt_000447_000120,"Fold the skirt cleanly, from the right side to the left side."
5189,05395_Skirt_000328_000025,05395_Skirt_000328_000065,05395_Skirt_000328_000025,05395_Skirt_000328_000060,"Bend the skirt in half, from right to left."
5190,03023_Skirt_000196_000035,03023_Skirt_000196_000090,03023_Skirt_000196_000035,03023_Skirt_000196_000075,"Create a fold in the skirt, going from top left to top right."
5191,03823_Skirt_000236_000035,03823_Skirt_000236_000105,03823_Skirt_000236_000040,03823_Skirt_000236_000090,"Create a fold in the skirt, going from right to left."
5192,01010_Skirt_000080_000030,01010_Skirt_000080_000115,01010_Skirt_000080_000055,01010_Skirt_000080_000105,"Fold the skirt in half, right to left."
5194,04197_Skirt_000258_000030,04197_Skirt_000258_000095,04197_Skirt_000258_000035,04197_Skirt_000258_000085,"Fold the skirt, making sure the right side touches the bottom side."
5195,05150_Skirt_000314_000040,05150_Skirt_000314_000080,05150_Skirt_000314_000045,05150_Skirt_000314_000090,Fold the skirt from the left side towards the right side.
5196,06633_Skirt_000406_000035,06633_Skirt_000406_000080,06633_Skirt_000406_000035,06633_Skirt_000406_000085,"Fold the skirt neatly, from the top right side to the top left side."
5197,01340_Skirt_000105_000025,01340_Skirt_000105_000075,01340_Skirt_000105_000025,01340_Skirt_000105_000085,"Fold the skirt, ensuring the left side meets the right side."
5198,04900_Skirt_000290_000030,04900_Skirt_000290_000090,04900_Skirt_000290_000035,04900_Skirt_000290_000090,"Crease the skirt down the middle, from right to left."
5199,00769_Skirt_000063_000030,00769_Skirt_000063_000080,00769_Skirt_000063_000030,00769_Skirt_000063_000095,"Crease the skirt down the middle, from left to right."
5200,03390_Skirt_000215_000025,03390_Skirt_000215_000125,03390_Skirt_000215_000035,03390_Skirt_000215_000080,"Fold the skirt in half, starting from the left and ending at the right."
5201,06104_Skirt_000381_000035,06104_Skirt_000381_000095,06104_Skirt_000381_000040,06104_Skirt_000381_000095,Bring the right side of the skirt towards the left side and fold them in half.
5203,00639_Skirt_000051_000030,00639_Skirt_000051_000075,00639_Skirt_000051_000035,00639_Skirt_000051_000090,"Fold the waistband of the skirt in half, from top to bottom."
5206,07516_Skirt_000455_000045,07516_Skirt_000455_000085,07516_Skirt_000455_000045,07516_Skirt_000455_000095,"Fold the skirt cleanly, from the left side to the right side."
5207,02795_Skirt_000184_000030,02795_Skirt_000184_000090,02795_Skirt_000184_000035,02795_Skirt_000184_000105,Fold the skirt from the right side towards the left side.
5208,06035_Skirt_000374_000030,06035_Skirt_000374_000100,06035_Skirt_000374_000030,06035_Skirt_000374_000085,"Fold the skirt in half, with the right side overlapping the left."
5210,00721_Skirt_000060_000060,00721_Skirt_000060_000130,00721_Skirt_000060_000045,00721_Skirt_000060_000145,"Fold the skirt neatly, from the left side to the right side."
5211,01409_Skirt_000111_000115,01409_Skirt_000111_000190,01409_Skirt_000111_000030,01409_Skirt_000111_000190,"Fold the waistband of the skirt in half, from left to right."
5212,03961_Skirt_000243_000030,03961_Skirt_000243_000075,03961_Skirt_000243_000030,03961_Skirt_000243_000080,Fold the skirt from the left side towards the right side.
5222,07358_Skirt_000445_000045,07358_Skirt_000445_000085,07358_Skirt_000445_000040,07358_Skirt_000445_000100,"Fold the skirt, making sure the left side touches the right side."
5223,03475_Skirt_000221_000030,03475_Skirt_000221_000095,03475_Skirt_000221_000040,03475_Skirt_000221_000095,"Fold the skirt cleanly, from the left side to the right side."
5224,04707_Skirt_000281_000030,04707_Skirt_000281_000075,04707_Skirt_000281_000030,04707_Skirt_000281_000090,"Fold the skirt in half horizontally, left to right."
5227,00772_Skirt_000065_000035,00772_Skirt_000065_000125,00772_Skirt_000065_000035,00772_Skirt_000065_000135,"Fold the skirt in half horizontally, left to right."
5229,01475_Skirt_000117_000030,01475_Skirt_000117_000125,01475_Skirt_000117_000025,01475_Skirt_000117_000095,"Crease the skirt down the middle, from right to left."
5230,07669_Skirt_000461_000035,07669_Skirt_000461_000085,07669_Skirt_000461_000035,07669_Skirt_000461_000095,Fold the skirt from the left side towards the right side.
5232,02002_Skirt_000141_000035,02002_Skirt_000141_000075,02002_Skirt_000141_000040,02002_Skirt_000141_000075,"Fold the skirt in half, with the left side overlapping the right."
5234,03398_Skirt_000217_000025,03398_Skirt_000217_000070,03398_Skirt_000217_000030,03398_Skirt_000217_000075,"Fold the skirt, bringing the left side to meet the right side."
5237,05896_Skirt_000361_000020,05896_Skirt_000361_000075,05896_Skirt_000361_000025,05896_Skirt_000361_000095,"Fold the waistband of the skirt in half, from left to right."
5242,04780_Skirt_000285_000030,04780_Skirt_000285_000080,04780_Skirt_000285_000025,04780_Skirt_000285_000075,"Fold the skirt, right side over left side."
5244,03821_Skirt_000235_000030,03821_Skirt_000235_000125,03821_Skirt_000235_000030,03821_Skirt_000235_000095,"Fold the skirt in half, right to left."
5245,04561_Skirt_000274_000035,04561_Skirt_000274_000080,04561_Skirt_000274_000035,04561_Skirt_000274_000070,"Fold the skirt in half, top to bottom."
5247,04200_Skirt_000259_000030,04200_Skirt_000259_000085,04200_Skirt_000259_000030,04200_Skirt_000259_000075,"Fold the waistband of the skirt in half, from right to left."
5251,06075_Skirt_000379_000040,06075_Skirt_000379_000120,06075_Skirt_000379_000045,06075_Skirt_000379_000105,"Make a fold in the skirt, starting from the right and ending at the left."
5252,06246_Skirt_000392_000035,06246_Skirt_000392_000085,06246_Skirt_000392_000025,06246_Skirt_000392_000085,"Fold the skirt in half, right to left."
5253,04372_Skirt_000265_000030,04372_Skirt_000265_000100,04372_Skirt_000265_000040,04372_Skirt_000265_000085,"Fold the skirt, ensuring the left side meets the right side."
5254,01574_Skirt_000121_000030,01574_Skirt_000121_000095,01574_Skirt_000121_000035,01574_Skirt_000121_000095,"Fold the skirt, orientating from the right towards the left."
5256,04941_Skirt_000293_000035,04941_Skirt_000293_000080,04941_Skirt_000293_000040,04941_Skirt_000293_000080,"Fold the skirt, orientating from the left towards the right."
5258,00938_Skirt_000075_000045,00938_Skirt_000075_000085,00938_Skirt_000075_000040,00938_Skirt_000075_000085,"Fold the skirt, bringing the top right side to meet the top left side."
5259,01141_Skirt_000091_000020,01141_Skirt_000091_000085,01141_Skirt_000091_000025,01141_Skirt_000091_000085,"Fold the skirt in half, left to right."
5263,01543_Skirt_000120_000070,01543_Skirt_000120_000125,01543_Skirt_000120_000025,01543_Skirt_000120_000125,"Fold the skirt cleanly, from the left side to the right side."
5266,00801_Skirt_000068_000000,00801_Skirt_000068_000130,00801_Skirt_000068_000045,00801_Skirt_000068_000130,"Fold the skirt, ensuring the right side meets the left side."
5268,00704_Skirt_000056_000025,00704_Skirt_000056_000115,00704_Skirt_000056_000070,00704_Skirt_000056_000125,"Fold the skirt, making a crease from the left to the right."
5270,03224_Skirt_000204_000030,03224_Skirt_000204_000080,03224_Skirt_000204_000030,03224_Skirt_000204_000100,"Fold the skirt, making a crease from the left to the right."
5271,03594_Skirt_000227_000050,03594_Skirt_000227_000095,03594_Skirt_000227_000045,03594_Skirt_000227_000105,"Create a fold in the skirt, going from left to right."
5273,06869_Skirt_000421_000035,06869_Skirt_000421_000090,06869_Skirt_000421_000035,06869_Skirt_000421_000090,"Fold the skirt, top right side over top left side."
5275,05133_Skirt_000311_000025,05133_Skirt_000311_000100,05133_Skirt_000311_000030,05133_Skirt_000311_000075,"Fold the skirt neatly, from the top side to the bottom side."
5278,05823_Skirt_000355_000055,05823_Skirt_000355_000110,05823_Skirt_000355_000040,05823_Skirt_000355_000115,"Crease the skirt down the middle, from right to left."
5279,00448_Skirt_000035_000035,00448_Skirt_000035_000115,00448_Skirt_000035_000035,00448_Skirt_000035_000095,"Make a fold in the skirt, starting from the right and ending at the left."
5280,05207_Skirt_000316_000055,05207_Skirt_000316_000110,05207_Skirt_000316_000035,05207_Skirt_000316_000110,"Fold the skirt, making a crease from the right to the left."
5283,00193_Skirt_000011_000030,00193_Skirt_000011_000080,00193_Skirt_000011_000040,00193_Skirt_000011_000075,"Fold the skirt, making a crease from the top to the bottom."
5284,04847_Skirt_000287_000050,04847_Skirt_000287_000155,04847_Skirt_000287_000060,04847_Skirt_000287_000115,"Fold the skirt, ensuring the right side meets the left side."
5286,00269_Skirt_000021_000030,00269_Skirt_000021_000080,00269_Skirt_000021_000030,00269_Skirt_000021_000075,"Fold the skirt in half horizontally, right to left."
5290,01454_Skirt_000114_000035,01454_Skirt_000114_000085,01454_Skirt_000114_000035,01454_Skirt_000114_000080,"Fold the skirt in half, right to left."
5294,06817_Skirt_000417_000025,06817_Skirt_000417_000070,06817_Skirt_000417_000030,06817_Skirt_000417_000085,"Fold the skirt neatly, from the left side to the right side."
5295,05875_Skirt_000359_000040,05875_Skirt_000359_000180,05875_Skirt_000359_000055,05875_Skirt_000359_000170,"Fold the skirt in half, with the right side overlapping the left."
5297,00271_Skirt_000022_000040,00271_Skirt_000022_000100,00271_Skirt_000022_000040,00271_Skirt_000022_000095,"Fold the skirt in half, with the top side overlapping the bottom."
5298,04796_Skirt_000286_000035,04796_Skirt_000286_000170,04796_Skirt_000286_000030,04796_Skirt_000286_000100,Fold the skirt from the right side towards the left side.
5299,04673_Skirt_000279_000025,04673_Skirt_000279_000075,04673_Skirt_000279_000025,04673_Skirt_000279_000070,"Crease the skirt down the middle, from right to left."
5301,02593_Skirt_000168_000025,02593_Skirt_000168_000085,02593_Skirt_000168_000030,02593_Skirt_000168_000095,"Fold the skirt, bringing the left side to meet the right side."
5302,00138_Skirt_000008_000035,00138_Skirt_000008_000085,00138_Skirt_000008_000040,00138_Skirt_000008_000085,"Fold the skirt, orientating from the right towards the left."
5303,01091_Skirt_000088_000025,01091_Skirt_000088_000100,01091_Skirt_000088_000050,01091_Skirt_000088_000110,"Fold the skirt in half, with the left side overlapping the right."
5304,00041_Skirt_000002_000040,00041_Skirt_000002_000100,00041_Skirt_000002_000035,00041_Skirt_000002_000095,"Fold the skirt, ensuring the right side meets the left side."
5306,05903_Skirt_000363_000040,05903_Skirt_000363_000125,05903_Skirt_000363_000040,05903_Skirt_000363_000100,Bring the top right side of the skirt towards the top left side and fold them in half.
5308,05480_Skirt_000334_000030,05480_Skirt_000334_000075,05480_Skirt_000334_000035,05480_Skirt_000334_000075,"Fold the waistband of the skirt in half, from top right to top left."
5311,00161_Skirt_000009_000030,00161_Skirt_000009_000070,00161_Skirt_000009_000025,00161_Skirt_000009_000075,"Fold the skirt neatly, from the left side to the right side."
5312,02292_Skirt_000156_000050,02292_Skirt_000156_000100,02292_Skirt_000156_000050,02292_Skirt_000156_000110,"Fold the skirt, orientating from the left towards the right."
5313,06072_Skirt_000377_000060,06072_Skirt_000377_000120,06072_Skirt_000377_000055,06072_Skirt_000377_000125,"Fold the skirt in half horizontally, right to left."
5314,01129_Skirt_000089_000035,01129_Skirt_000089_000085,01129_Skirt_000089_000040,01129_Skirt_000089_000080,"Bend the skirt in half, from top left to top right."
5315,06196_Skirt_000387_000025,06196_Skirt_000387_000085,06196_Skirt_000387_000030,06196_Skirt_000387_000085,"Fold the waistband of the skirt in half, from top to bottom."
5319,05226_Skirt_000319_000050,05226_Skirt_000319_000140,05226_Skirt_000319_000070,05226_Skirt_000319_000120,"Fold the skirt cleanly, from the right side to the left side."
5320,04869_Skirt_000288_000030,04869_Skirt_000288_000075,04869_Skirt_000288_000035,04869_Skirt_000288_000080,"Fold the skirt in half horizontally, left to right."
5321,00325_Skirt_000026_000025,00325_Skirt_000026_000080,00325_Skirt_000026_000030,00325_Skirt_000026_000090,"Fold the skirt in half horizontally, left to right."
5323,01628_Skirt_000124_000055,01628_Skirt_000124_000100,01628_Skirt_000124_000045,01628_Skirt_000124_000105,Bring the left side of the skirt towards the right side and fold them in half.
5326,01042_Skirt_000082_000025,01042_Skirt_000082_000100,01042_Skirt_000082_000035,01042_Skirt_000082_000100,Bring the bottom right side of the skirt towards the right side and fold them in half.
5327,02715_Skirt_000179_000035,02715_Skirt_000179_000100,02715_Skirt_000179_000060,02715_Skirt_000179_000125,"Bend the skirt in half, from top to bottom."
5332,00440_Skirt_000034_000035,00440_Skirt_000034_000085,00440_Skirt_000034_000025,00440_Skirt_000034_000085,"Create a fold in the skirt, going from right to left."
5334,06209_Skirt_000389_000020,06209_Skirt_000389_000080,06209_Skirt_000389_000025,06209_Skirt_000389_000110,Bring the left side of the skirt towards the right side and fold them in half.
5335,06445_Skirt_000401_000035,06445_Skirt_000401_000075,06445_Skirt_000401_000035,06445_Skirt_000401_000095,"Bend the skirt in half, from top to bottom."
5339,02240_Skirt_000151_000035,02240_Skirt_000151_000085,02240_Skirt_000151_000045,02240_Skirt_000151_000085,"Fold the waistband of the skirt in half, from top to bottom."
5341,05713_Skirt_000351_000055,05713_Skirt_000351_000115,05713_Skirt_000351_000055,05713_Skirt_000351_000115,Fold the skirt from the left side towards the right side.
5342,00215_Skirt_000014_000035,00215_Skirt_000014_000095,00215_Skirt_000014_000035,00215_Skirt_000014_000085,"Fold the skirt in half horizontally, top left to right."
5343,03678_Skirt_000230_000030,03678_Skirt_000230_000085,03678_Skirt_000230_000035,03678_Skirt_000230_000090,"Create a fold in the skirt, going from left to right."
5344,02633_Skirt_000171_000030,02633_Skirt_000171_000075,02633_Skirt_000171_000035,02633_Skirt_000171_000075,"Fold the skirt cleanly, from the right side to the left side."
5348,03471_Skirt_000220_000030,03471_Skirt_000220_000200,03471_Skirt_000220_000135,03471_Skirt_000220_000185,"Make a fold in the skirt, starting from the left and ending at the right."
5349,06167_Skirt_000385_000025,06167_Skirt_000385_000100,06167_Skirt_000385_000025,06167_Skirt_000385_000075,"Fold the skirt, bringing the top side to meet the bottom side."
5353,01508_Skirt_000119_000030,01508_Skirt_000119_000120,01508_Skirt_000119_000035,01508_Skirt_000119_000100,"Fold the skirt, bringing the right side to meet the left side."
5354,02515_Skirt_000165_000020,02515_Skirt_000165_000080,02515_Skirt_000165_000025,02515_Skirt_000165_000095,Bring the right side of the skirt towards the left side and fold them in half.
5355,00550_Skirt_000043_000025,00550_Skirt_000043_000105,00550_Skirt_000043_000025,00550_Skirt_000043_000085,"Fold the skirt, ensuring the right side meets the left side."
5357,04998_Skirt_000302_000030,04998_Skirt_000302_000070,04998_Skirt_000302_000035,04998_Skirt_000302_000075,"Fold the skirt neatly, from the left side to the right side."
5360,04043_Skirt_000247_000040,04043_Skirt_000247_000090,04043_Skirt_000247_000035,04043_Skirt_000247_000105,"Crease the skirt down the middle, from top to bottom."
5362,00546_Skirt_000041_000040,00546_Skirt_000041_000090,00546_Skirt_000041_000035,00546_Skirt_000041_000095,"Fold the skirt, left side over right side."
5363,05294_Skirt_000323_000025,05294_Skirt_000323_000140,05294_Skirt_000323_000025,05294_Skirt_000323_000085,"Create a fold in the skirt, going from right to left."
5365,02678_Skirt_000177_000035,02678_Skirt_000177_000085,02678_Skirt_000177_000035,02678_Skirt_000177_000085,"Fold the skirt neatly, from the top right side to the top left side."
5366,06347_Skirt_000397_000040,06347_Skirt_000397_000075,06347_Skirt_000397_000035,06347_Skirt_000397_000080,"Fold the skirt in half horizontally, left to right."
5367,00770_Skirt_000064_000020,00770_Skirt_000064_000100,00770_Skirt_000064_000025,00770_Skirt_000064_000095,"Fold the skirt in half, aligning the right and left sides."
5369,06095_Skirt_000380_000035,06095_Skirt_000380_000080,06095_Skirt_000380_000030,06095_Skirt_000380_000090,"Crease the skirt down the middle, from left to right."
5370,05535_Skirt_000337_000025,05535_Skirt_000337_000085,05535_Skirt_000337_000030,05535_Skirt_000337_000070,"Fold the skirt in half, starting from the right and ending at the left."
5371,03350_Skirt_000213_000055,03350_Skirt_000213_000105,03350_Skirt_000213_000060,03350_Skirt_000213_000105,"Fold the skirt, ensuring the left side meets the right side."
5373,05096_Skirt_000307_000035,05096_Skirt_000307_000095,05096_Skirt_000307_000035,05096_Skirt_000307_000160,"Fold the skirt cleanly, from the left side to the right side."
5374,07191_Skirt_000438_000035,07191_Skirt_000438_000095,07191_Skirt_000438_000035,07191_Skirt_000438_000130,"Fold the skirt, ensuring the right side meets the left side."
5375,04128_Skirt_000250_000030,04128_Skirt_000250_000135,04128_Skirt_000250_000030,04128_Skirt_000250_000105,Bring the left side of the skirt towards the right side and fold them in half.
5376,07042_Skirt_000430_000040,07042_Skirt_000430_000100,07042_Skirt_000430_000045,07042_Skirt_000430_000090,"Bend the skirt in half, from top left to top right."
5378,03470_Skirt_000219_000035,03470_Skirt_000219_000085,03470_Skirt_000219_000030,03470_Skirt_000219_000075,"Bend the skirt in half, from right to left."
5379,02511_Skirt_000164_000050,02511_Skirt_000164_000095,02511_Skirt_000164_000030,02511_Skirt_000164_000100,Fold the skirt from the left side towards the right side.
5380,02752_Skirt_000183_000035,02752_Skirt_000183_000105,02752_Skirt_000183_000035,02752_Skirt_000183_000080,"Fold the skirt, making a crease from the top to the bottom."
5381,01321_Skirt_000103_000025,01321_Skirt_000103_000080,01321_Skirt_000103_000025,01321_Skirt_000103_000095,"Crease the skirt down the middle, from right to left."
5383,06634_Skirt_000407_000025,06634_Skirt_000407_000120,06634_Skirt_000407_000025,06634_Skirt_000407_000100,"Bend the skirt in half, from left to right."
5386,05542_Skirt_000338_000030,05542_Skirt_000338_000095,05542_Skirt_000338_000035,05542_Skirt_000338_000070,"Fold the skirt cleanly, from the right side to the left side."
5387,02878_Skirt_000189_000030,02878_Skirt_000189_000080,02878_Skirt_000189_000035,02878_Skirt_000189_000085,"Fold the skirt in half, aligning the left and right sides."
5389,00598_Skirt_000047_000030,00598_Skirt_000047_000085,00598_Skirt_000047_000025,00598_Skirt_000047_000080,"Fold the skirt cleanly, from the right side to the left side."
5392,00648_Skirt_000052_000015,00648_Skirt_000052_000085,00648_Skirt_000052_000025,00648_Skirt_000052_000090,"Make a fold in the skirt, starting from the left and ending at the right."
5394,06749_Skirt_000411_000140,06749_Skirt_000411_000195,06749_Skirt_000411_000130,06749_Skirt_000411_000175,"Fold the skirt, bringing the top side to meet the bottom side."
5398,07455_Skirt_000451_000025,07455_Skirt_000451_000065,07455_Skirt_000451_000030,07455_Skirt_000451_000080,"Fold the skirt in half, starting from the left and ending at the right."
5404,00313_Skirt_000025_000040,00313_Skirt_000025_000090,00313_Skirt_000025_000040,00313_Skirt_000025_000090,"Crease the skirt down the middle, from top to bottom."
5406,03976_Skirt_000244_000025,03976_Skirt_000244_000065,03976_Skirt_000244_000025,03976_Skirt_000244_000060,"Make a fold in the skirt, starting from the top and ending at the bottom."
5407,07282_Skirt_000440_000040,07282_Skirt_000440_000230,07282_Skirt_000440_000055,07282_Skirt_000440_000145,Bring the right side of the skirt towards the left side and fold them in half.
5408,05565_Skirt_000339_000020,05565_Skirt_000339_000090,05565_Skirt_000339_000025,05565_Skirt_000339_000085,"Fold the skirt neatly, from the right side to the left side."
5409,01249_Skirt_000100_000030,01249_Skirt_000100_000125,01249_Skirt_000100_000035,01249_Skirt_000100_000105,Bring the left side of the skirt towards the right side and fold them in half.
5413,01063_Skirt_000083_000030,01063_Skirt_000083_000080,01063_Skirt_000083_000030,01063_Skirt_000083_000085,"Fold the skirt, left side over right side."
5414,01154_Skirt_000092_000025,01154_Skirt_000092_000070,01154_Skirt_000092_000030,01154_Skirt_000092_000075,"Fold the skirt, ensuring the left side meets the right side."
5418,03391_Skirt_000216_000035,03391_Skirt_000216_000105,03391_Skirt_000216_000040,03391_Skirt_000216_000085,"Fold the skirt, orientating from the top right towards the top left."
5419,03341_Skirt_000212_000045,03341_Skirt_000212_000085,03341_Skirt_000212_000040,03341_Skirt_000212_000095,"Fold the skirt in half, right to left."
5421,02615_Skirt_000170_000025,02615_Skirt_000170_000065,02615_Skirt_000170_000030,02615_Skirt_000170_000070,"Fold the skirt, left side over right side."
5423,00784_Skirt_000066_000040,00784_Skirt_000066_000105,00784_Skirt_000066_000035,00784_Skirt_000066_000105,"Fold the skirt, orientating from the right towards the left."
5426,00745_Skirt_000062_000030,00745_Skirt_000062_000100,00745_Skirt_000062_000035,00745_Skirt_000062_000085,"Fold the skirt, making sure the right side touches the left side."
5427,00278_Skirt_000023_000030,00278_Skirt_000023_000075,00278_Skirt_000023_000025,00278_Skirt_000023_000075,"Fold the skirt neatly, from the left side to the right side."
5428,01086_Skirt_000087_000035,01086_Skirt_000087_000100,01086_Skirt_000087_000045,01086_Skirt_000087_000100,"Crease the skirt down the middle, from right to left."
5430,03060_Skirt_000198_000040,03060_Skirt_000198_000100,03060_Skirt_000198_000045,03060_Skirt_000198_000100,"Make a fold in the skirt, starting from the right and ending at the left."
5432,04185_Skirt_000256_000030,04185_Skirt_000256_000075,04185_Skirt_000256_000025,04185_Skirt_000256_000075,"Fold the skirt in half, with the right side overlapping the left."
5433,05287_Skirt_000322_000025,05287_Skirt_000322_000075,05287_Skirt_000322_000025,05287_Skirt_000322_000070,"Fold the skirt in half, aligning the right and left sides."
5434,05617_Skirt_000343_000015,05617_Skirt_000343_000070,05617_Skirt_000343_000025,05617_Skirt_000343_000060,"Fold the skirt, bringing the left side to meet the right side."
5435,01478_Skirt_000118_000035,01478_Skirt_000118_000140,01478_Skirt_000118_000040,01478_Skirt_000118_000115,"Fold the waistband of the skirt in half, from left to right."
5436,04271_Skirt_000263_000025,04271_Skirt_000263_000085,04271_Skirt_000263_000030,04271_Skirt_000263_000100,"Fold the skirt, ensuring the left side meets the right side."
5438,02868_Skirt_000187_000025,02868_Skirt_000187_000080,02868_Skirt_000187_000030,02868_Skirt_000187_000095,"Fold the skirt, left side over right side."
5439,00279_Skirt_000024_000050,00279_Skirt_000024_000125,00279_Skirt_000024_000055,00279_Skirt_000024_000110,"Bend the skirt in half, from right to left."
5440,05883_Skirt_000360_000035,05883_Skirt_000360_000075,05883_Skirt_000360_000030,05883_Skirt_000360_000080,"Fold the skirt in half, aligning the top and bottom sides."
5441,03831_Skirt_000237_000090,03831_Skirt_000237_000145,03831_Skirt_000237_000030,03831_Skirt_000237_000145,"Fold the skirt in half, starting from the left and ending at the right."
5442,04090_Skirt_000248_000030,04090_Skirt_000248_000080,04090_Skirt_000248_000030,04090_Skirt_000248_000070,"Fold the skirt, orientating from the top left towards the top right."
5448,04881_Skirt_000289_000025,04881_Skirt_000289_000070,04881_Skirt_000289_000025,04881_Skirt_000289_000065,"Fold the skirt neatly, from the right side to the left side."
5449,02958_Skirt_000191_000040,02958_Skirt_000191_000085,02958_Skirt_000191_000035,02958_Skirt_000191_000095,"Fold the skirt in half, with the top left side overlapping the top right."
5452,00398_Skirt_000029_000065,00398_Skirt_000029_000110,00398_Skirt_000029_000030,00398_Skirt_000029_000110,"Bend the skirt in half, from right to left."
5453,06647_Skirt_000408_000030,06647_Skirt_000408_000090,06647_Skirt_000408_000035,06647_Skirt_000408_000115,"Make a fold in the skirt, starting from the left and ending at the right."
5454,03314_Skirt_000210_000030,03314_Skirt_000210_000165,03314_Skirt_000210_000070,03314_Skirt_000210_000145,"Fold the skirt in half, left to right."
5455,05996_Skirt_000372_000035,05996_Skirt_000372_000090,05996_Skirt_000372_000035,05996_Skirt_000372_000095,"Fold the skirt, bringing the right side to meet the left side."
5456,06680_Skirt_000409_000045,06680_Skirt_000409_000110,06680_Skirt_000409_000040,06680_Skirt_000409_000100,"Fold the skirt in half, aligning the right and left sides."
5457,04206_Skirt_000260_000055,04206_Skirt_000260_000090,04206_Skirt_000260_000045,04206_Skirt_000260_000095,Bring the top side of the skirt towards the bottom side and fold them in half.
5458,07149_Skirt_000436_000025,07149_Skirt_000436_000070,07149_Skirt_000436_000025,07149_Skirt_000436_000075,"Fold the skirt, making a crease from the left to the right."
5459,00486_Skirt_000038_000025,00486_Skirt_000038_000100,00486_Skirt_000038_000030,00486_Skirt_000038_000095,"Fold the skirt, right side over left side."
5460,00198_Skirt_000013_000015,00198_Skirt_000013_000095,00198_Skirt_000013_000025,00198_Skirt_000013_000105,"Fold the skirt in half horizontally, left to right."
5461,00260_Skirt_000019_000025,00260_Skirt_000019_000070,00260_Skirt_000019_000025,00260_Skirt_000019_000075,"Fold the skirt, ensuring the left side meets the right side."
5462,02113_Skirt_000145_000030,02113_Skirt_000145_000095,02113_Skirt_000145_000035,02113_Skirt_000145_000085,"Fold the skirt cleanly, from the right side to the left side."
5464,04739_Skirt_000282_000055,04739_Skirt_000282_000095,04739_Skirt_000282_000030,04739_Skirt_000282_000095,Bring the right side of the skirt towards the left side and fold them in half.
5468,06913_Skirt_000423_000025,06913_Skirt_000423_000070,06913_Skirt_000423_000030,06913_Skirt_000423_000080,"Fold the skirt in half, aligning the top left and top right sides."
5471,07596_Skirt_000458_000035,07596_Skirt_000458_000150,07596_Skirt_000458_000040,07596_Skirt_000458_000135,"Fold the skirt, orientating from the right towards the left."
5472,05906_Skirt_000364_000030,05906_Skirt_000364_000095,05906_Skirt_000364_000040,05906_Skirt_000364_000095,"Fold the skirt in half horizontally, right to left."
5473,05824_Skirt_000356_000060,05824_Skirt_000356_000125,05824_Skirt_000356_000065,05824_Skirt_000356_000130,"Bend the skirt in half, from left to right."
5475,06863_Skirt_000420_000055,06863_Skirt_000420_000110,06863_Skirt_000420_000055,06863_Skirt_000420_000125,"Fold the waistband of the skirt in half, from left to right."
5476,00258_Skirt_000018_000035,00258_Skirt_000018_000080,00258_Skirt_000018_000030,00258_Skirt_000018_000080,"Fold the skirt, bringing the right side to meet the left side."
5477,04612_Skirt_000277_000080,04612_Skirt_000277_000115,04612_Skirt_000277_000050,04612_Skirt_000277_000130,"Bend the skirt in half, from left to right."
5479,06918_Skirt_000424_000030,06918_Skirt_000424_000080,06918_Skirt_000424_000030,06918_Skirt_000424_000075,"Bend the skirt in half, from right to left."
5481,05148_Skirt_000312_000035,05148_Skirt_000312_000080,05148_Skirt_000312_000030,05148_Skirt_000312_000090,"Fold the skirt in half, aligning the top and bottom sides."
5483,00686_Skirt_000054_000030,00686_Skirt_000054_000100,00686_Skirt_000054_000025,00686_Skirt_000054_000185,"Create a fold in the skirt, going from left to right."
5484,07383_Skirt_000448_000025,07383_Skirt_000448_000075,07383_Skirt_000448_000025,07383_Skirt_000448_000090,"Fold the skirt in half horizontally, left to right."
5486,05095_Skirt_000306_000050,05095_Skirt_000306_000090,05095_Skirt_000306_000040,05095_Skirt_000306_000095,"Fold the skirt, ensuring the top side meets the bottom side."
5489,02995_Skirt_000192_000025,02995_Skirt_000192_000070,02995_Skirt_000192_000035,02995_Skirt_000192_000070,"Fold the skirt, bringing the left side to meet the right side."
5491,01074_Skirt_000085_000025,01074_Skirt_000085_000075,01074_Skirt_000085_000030,01074_Skirt_000085_000085,"Fold the skirt in half, starting from the left and ending at the right."
5492,01641_Skirt_000125_000035,01641_Skirt_000125_000105,01641_Skirt_000125_000040,01641_Skirt_000125_000130,"Fold the skirt in half horizontally, left to right."
5494,07350_Skirt_000444_000025,07350_Skirt_000444_000080,07350_Skirt_000444_000035,07350_Skirt_000444_000085,"Bend the skirt in half, from left to right."
5497,02275_Skirt_000154_000025,02275_Skirt_000154_000085,02275_Skirt_000154_000025,02275_Skirt_000154_000075,"Fold the skirt, orientating from the right towards the left."
5498,06220_Skirt_000391_000030,06220_Skirt_000391_000070,06220_Skirt_000391_000035,06220_Skirt_000391_000075,"Fold the skirt, orientating from the top towards the bottom."
5500,01775_Skirt_000130_000050,01775_Skirt_000130_000095,01775_Skirt_000130_000040,01775_Skirt_000130_000105,"Make a fold in the skirt, starting from the left and ending at the right."
5501,05629_Skirt_000345_000025,05629_Skirt_000345_000095,05629_Skirt_000345_000025,05629_Skirt_000345_000070,"Fold the skirt, ensuring the right side meets the left side."
5503,07513_Skirt_000454_000065,07513_Skirt_000454_000125,07513_Skirt_000454_000065,07513_Skirt_000454_000115,"Fold the skirt in half, with the right side overlapping the left."
5504,04546_Skirt_000273_000030,04546_Skirt_000273_000070,04546_Skirt_000273_000025,04546_Skirt_000273_000065,"Fold the skirt, orientating from the right towards the left."
5505,05373_Skirt_000326_000020,05373_Skirt_000326_000060,05373_Skirt_000326_000030,05373_Skirt_000326_000065,"Fold the skirt in half, starting from the left and ending at the right."
5507,01939_Skirt_000137_000035,01939_Skirt_000137_000085,01939_Skirt_000137_000035,01939_Skirt_000137_000080,Fold the skirt from the right side towards the left side.
5512,01922_Skirt_000135_000050,01922_Skirt_000135_000115,01922_Skirt_000135_000055,01922_Skirt_000135_000100,"Fold the skirt in half, aligning the top and bottom sides."
5513,05953_Skirt_000368_000040,05953_Skirt_000368_000090,05953_Skirt_000368_000040,05953_Skirt_000368_000095,"Fold the skirt neatly, from the right side to the left side."
5515,00525_Skirt_000039_000030,00525_Skirt_000039_000100,00525_Skirt_000039_000030,00525_Skirt_000039_000085,Fold the skirt from the right side towards the left side.
5516,01303_Skirt_000102_000020,01303_Skirt_000102_000070,01303_Skirt_000102_000030,01303_Skirt_000102_000075,"Create a fold in the skirt, going from left to right."
5518,06725_Skirt_000410_000025,06725_Skirt_000410_000105,06725_Skirt_000410_000030,06725_Skirt_000410_000125,"Fold the waistband of the skirt in half, from left to right."
5520,05980_Skirt_000370_000025,05980_Skirt_000370_000070,05980_Skirt_000370_000035,05980_Skirt_000370_000075,"Fold the skirt in half horizontally, left to right."
5521,04506_Skirt_000270_000025,04506_Skirt_000270_000150,04506_Skirt_000270_000025,04506_Skirt_000270_000080,"Fold the skirt, orientating from the right towards the left."
5522,01242_Skirt_000099_000030,01242_Skirt_000099_000085,01242_Skirt_000099_000030,01242_Skirt_000099_000075,"Fold the skirt neatly, from the right side to the left side."
5523,03709_Skirt_000232_000035,03709_Skirt_000232_000085,03709_Skirt_000232_000035,03709_Skirt_000232_000085,"Fold the skirt in half horizontally, left to right."
5524,02277_Skirt_000155_000040,02277_Skirt_000155_000105,02277_Skirt_000155_000040,02277_Skirt_000155_000095,"Fold the skirt, left side over right side."
5529,00428_Skirt_000032_000080,00428_Skirt_000032_000125,00428_Skirt_000032_000065,00428_Skirt_000032_000140,"Create a fold in the skirt, going from left to right."
5532,00564_Skirt_000044_000030,00564_Skirt_000044_000110,00564_Skirt_000044_000025,00564_Skirt_000044_000095,"Fold the waistband of the skirt in half, from right to left."
5533,02720_Skirt_000180_000030,02720_Skirt_000180_000085,02720_Skirt_000180_000035,02720_Skirt_000180_000095,"Fold the skirt in half, starting from the left and ending at the right."
5535,03282_Skirt_000208_000030,03282_Skirt_000208_000080,03282_Skirt_000208_000030,03282_Skirt_000208_000075,"Fold the skirt in half horizontally, top to bottom."
5536,00243_Skirt_000017_000030,00243_Skirt_000017_000080,00243_Skirt_000017_000035,00243_Skirt_000017_000080,"Create a fold in the skirt, going from left to right."
5537,02664_Skirt_000174_000040,02664_Skirt_000174_000090,02664_Skirt_000174_000030,02664_Skirt_000174_000105,"Fold the skirt, left side over right side."
5538,01223_Skirt_000097_000015,01223_Skirt_000097_000070,01223_Skirt_000097_000020,01223_Skirt_000097_000075,"Fold the skirt, making sure the left side touches the right side."
5539,07053_Skirt_000432_000040,07053_Skirt_000432_000080,07053_Skirt_000432_000035,07053_Skirt_000432_000085,"Fold the skirt, making a crease from the left to the right."
5540,05736_Skirt_000352_000040,05736_Skirt_000352_000110,05736_Skirt_000352_000035,05736_Skirt_000352_000105,"Fold the skirt, bringing the right side to meet the left side."
5541,04489_Skirt_000267_000035,04489_Skirt_000267_000105,04489_Skirt_000267_000025,04489_Skirt_000267_000085,"Crease the skirt down the middle, from right to left."
5542,06768_Skirt_000414_000030,06768_Skirt_000414_000085,06768_Skirt_000414_000030,06768_Skirt_000414_000085,"Bend the skirt in half, from right to left."
5546,04266_Skirt_000262_000040,04266_Skirt_000262_000105,04266_Skirt_000262_000045,04266_Skirt_000262_000090,"Fold the skirt, making a crease from the right to the left."
5548,02566_Skirt_000166_000040,02566_Skirt_000166_000095,02566_Skirt_000166_000055,02566_Skirt_000166_000100,"Fold the skirt in half horizontally, left to right."
5549,05035_Skirt_000303_000095,05035_Skirt_000303_000155,05035_Skirt_000303_000035,05035_Skirt_000303_000140,"Fold the skirt in half, starting from the top left and ending at the top right."
5550,01797_Skirt_000132_000020,01797_Skirt_000132_000080,01797_Skirt_000132_000025,01797_Skirt_000132_000080,"Fold the skirt in half, with the left side overlapping the right."
5552,02443_Skirt_000162_000030,02443_Skirt_000162_000095,02443_Skirt_000162_000035,02443_Skirt_000162_000070,"Fold the skirt, orientating from the right towards the left."
5554,04492_Skirt_000268_000035,04492_Skirt_000268_000080,04492_Skirt_000268_000040,04492_Skirt_000268_000085,"Fold the waistband of the skirt in half, from top right to top left."
5555,05913_Skirt_000366_000040,05913_Skirt_000366_000095,05913_Skirt_000366_000035,05913_Skirt_000366_000110,"Fold the skirt in half, left to right."
5558,05642_Skirt_000346_000035,05642_Skirt_000346_000110,05642_Skirt_000346_000035,05642_Skirt_000346_000085,"Fold the skirt in half, top right to left."
5559,01006_Skirt_000079_000030,01006_Skirt_000079_000080,01006_Skirt_000079_000030,01006_Skirt_000079_000075,"Fold the waistband of the skirt in half, from right to left."
5560,05459_Skirt_000333_000015,05459_Skirt_000333_000075,05459_Skirt_000333_000025,05459_Skirt_000333_000065,"Fold the skirt neatly, from the right side to the left side."
5561,04397_Skirt_000266_000045,04397_Skirt_000266_000125,04397_Skirt_000266_000050,04397_Skirt_000266_000105,"Fold the skirt in half, aligning the left and right sides."
5565,00791_Skirt_000067_000090,00791_Skirt_000067_000170,00791_Skirt_000067_000045,00791_Skirt_000067_000145,"Fold the skirt in half, with the top side overlapping the bottom."
5568,02871_Skirt_000188_000035,02871_Skirt_000188_000085,02871_Skirt_000188_000040,02871_Skirt_000188_000100,"Create a fold in the skirt, going from left to right."
5571,03928_Skirt_000242_000025,03928_Skirt_000242_000095,03928_Skirt_000242_000040,03928_Skirt_000242_000085,"Fold the skirt in half horizontally, right to left."
5574,01824_Skirt_000134_000030,01824_Skirt_000134_000100,01824_Skirt_000134_000045,01824_Skirt_000134_000100,"Create a fold in the skirt, going from left to right."
5575,05301_Skirt_000325_000025,05301_Skirt_000325_000070,05301_Skirt_000325_000030,05301_Skirt_000325_000090,"Fold the skirt, orientating from the top towards the bottom."
5577,04129_Skirt_000251_000035,04129_Skirt_000251_000085,04129_Skirt_000251_000040,04129_Skirt_000251_000085,"Fold the skirt neatly, from the left side to the right side."
5578,07048_Skirt_000431_000025,07048_Skirt_000431_000090,07048_Skirt_000431_000035,07048_Skirt_000431_000100,"Fold the skirt, making sure the left side touches the right side."
5579,06383_Skirt_000398_000035,06383_Skirt_000398_000105,06383_Skirt_000398_000030,06383_Skirt_000398_000090,"Fold the skirt in half, right to left."
5585,07390_Skirt_000449_000040,07390_Skirt_000449_000115,07390_Skirt_000449_000045,07390_Skirt_000449_000090,"Crease the skirt down the middle, from top to bottom."
5586,03003_Skirt_000193_000045,03003_Skirt_000193_000085,03003_Skirt_000193_000035,03003_Skirt_000193_000100,"Fold the skirt in half, left to right."
5587,01394_Skirt_000110_000030,01394_Skirt_000110_000105,01394_Skirt_000110_000035,01394_Skirt_000110_000115,"Make a fold in the skirt, starting from the left and ending at the right."
5595,01754_Skirt_000128_000030,01754_Skirt_000128_000095,01754_Skirt_000128_000030,01754_Skirt_000128_000145,"Fold the skirt, bringing the right side to meet the left side."
5598,03298_Skirt_000209_000030,03298_Skirt_000209_000075,03298_Skirt_000209_000035,03298_Skirt_000209_000080,"Fold the skirt, ensuring the left side meets the right side."
5599,00881_Skirt_000071_000030,00881_Skirt_000071_000075,00881_Skirt_000071_000025,00881_Skirt_000071_000085,"Fold the skirt, making sure the left side touches the right side."
5601,03402_Skirt_000218_000030,03402_Skirt_000218_000145,03402_Skirt_000218_000030,03402_Skirt_000218_000115,"Create a fold in the skirt, going from right to left."
5602,01383_Skirt_000109_000035,01383_Skirt_000109_000070,01383_Skirt_000109_000035,01383_Skirt_000109_000085,"Bend the skirt in half, from left to right."
5606,00477_Skirt_000036_000025,00477_Skirt_000036_000080,00477_Skirt_000036_000025,00477_Skirt_000036_000075,"Fold the waistband of the skirt in half, from right to left."
5609,01370_Skirt_000108_000025,01370_Skirt_000108_000095,01370_Skirt_000108_000030,01370_Skirt_000108_000085,"Fold the skirt in half, right to left."
5610,03685_Skirt_000231_000040,03685_Skirt_000231_000115,03685_Skirt_000231_000045,03685_Skirt_000231_000100,"Fold the skirt, making a crease from the top to the bottom."
5611,05612_Skirt_000342_000055,05612_Skirt_000342_000215,05612_Skirt_000342_000025,05612_Skirt_000342_000085,"Fold the skirt, ensuring the right side meets the left side."
5612,03865_Skirt_000238_000110,03865_Skirt_000238_000185,03865_Skirt_000238_000035,03865_Skirt_000238_000190,Fold the skirt from the right side towards the left side.
5613,06042_Skirt_000375_000035,06042_Skirt_000375_000085,06042_Skirt_000375_000030,06042_Skirt_000375_000085,"Fold the skirt in half, right to left."
5614,00651_Skirt_000053_000025,00651_Skirt_000053_000095,00651_Skirt_000053_000025,00651_Skirt_000053_000090,"Fold the skirt in half, aligning the right and left sides."
5615,05574_Skirt_000341_000030,05574_Skirt_000341_000070,05574_Skirt_000341_000035,05574_Skirt_000341_000075,"Fold the skirt cleanly, from the left side to the right side."
5617,00261_Skirt_000020_000030,00261_Skirt_000020_000080,00261_Skirt_000020_000025,00261_Skirt_000020_000075,"Fold the skirt, orientating from the top right towards the top left."
5620,00980_Skirt_000076_000025,00980_Skirt_000076_000075,00980_Skirt_000076_000030,00980_Skirt_000076_000085,"Fold the skirt, making sure the left side touches the right side."
5622,00549_Skirt_000042_000030,00549_Skirt_000042_000150,00549_Skirt_000042_000050,00549_Skirt_000042_000165,"Fold the skirt in half, aligning the right and left sides."
5626,01204_Skirt_000095_000035,01204_Skirt_000095_000085,01204_Skirt_000095_000040,01204_Skirt_000095_000085,"Fold the waistband of the skirt in half, from left to right."
5627,00173_Skirt_000010_000045,00173_Skirt_000010_000080,00173_Skirt_000010_000045,00173_Skirt_000010_000085,"Fold the skirt in half, aligning the right and left sides."
5630,01771_Skirt_000129_000035,01771_Skirt_000129_000090,01771_Skirt_000129_000035,01771_Skirt_000129_000080,"Fold the skirt, making sure the right side touches the left side."
5632,04911_Skirt_000292_000035,04911_Skirt_000292_000070,04911_Skirt_000292_000040,04911_Skirt_000292_000075,"Fold the skirt in half, starting from the left and ending at the right."
5634,03479_Skirt_000222_000035,03479_Skirt_000222_000085,03479_Skirt_000222_000030,03479_Skirt_000222_000085,"Fold the skirt, right side over left side."
5637,01240_Skirt_000098_000025,01240_Skirt_000098_000075,01240_Skirt_000098_000020,01240_Skirt_000098_000070,"Fold the skirt, making a crease from the right to the left."
5639,01943_Skirt_000138_000025,01943_Skirt_000138_000085,01943_Skirt_000138_000025,01943_Skirt_000138_000095,"Fold the skirt in half, right to left."
5640,04971_Skirt_000296_000020,04971_Skirt_000296_000060,04971_Skirt_000296_000025,04971_Skirt_000296_000070,"Fold the skirt in half, aligning the left and right sides."
5641,04602_Skirt_000276_000030,04602_Skirt_000276_000095,04602_Skirt_000276_000035,04602_Skirt_000276_000080,"Fold the skirt in half, top to bottom."
5642,00333_Skirt_000027_000090,00333_Skirt_000027_000140,00333_Skirt_000027_000035,00333_Skirt_000027_000130,"Fold the waistband of the skirt in half, from right to left."
5644,00046_Skirt_000003_000040,00046_Skirt_000003_000085,00046_Skirt_000003_000030,00046_Skirt_000003_000095,"Fold the skirt, making sure the top side touches the bottom side."
5645,03234_Skirt_000205_000040,03234_Skirt_000205_000125,03234_Skirt_000205_000035,03234_Skirt_000205_000090,"Bend the skirt in half, from top left to top right."
5648,00482_Skirt_000037_000035,00482_Skirt_000037_000095,00482_Skirt_000037_000035,00482_Skirt_000037_000095,Fold the skirt from the right side towards the left side.
5651,00409_Skirt_000030_000035,00409_Skirt_000030_000090,00409_Skirt_000030_000040,00409_Skirt_000030_000095,"Create a fold in the skirt, going from left to right."
5652,07594_Skirt_000457_000090,07594_Skirt_000457_000185,07594_Skirt_000457_000025,07594_Skirt_000457_000190,"Fold the skirt, orientating from the left towards the right."
5653,00087_Skirt_000007_000025,00087_Skirt_000007_000110,00087_Skirt_000007_000030,00087_Skirt_000007_000095,"Fold the skirt in half, left to right."
5655,00228_Skirt_000015_000030,00228_Skirt_000015_000090,00228_Skirt_000015_000030,00228_Skirt_000015_000085,"Create a fold in the skirt, going from right to left."
5657,05091_Skirt_000305_000030,05091_Skirt_000305_000070,05091_Skirt_000305_000030,05091_Skirt_000305_000070,"Fold the skirt in half, aligning the left and right sides."
5661,02655_Skirt_000173_000045,02655_Skirt_000173_000110,02655_Skirt_000173_000050,02655_Skirt_000173_000095,"Fold the skirt in half horizontally, top to bottom."
5663,05075_Skirt_000304_000025,05075_Skirt_000304_000085,05075_Skirt_000304_000040,05075_Skirt_000304_000075,Fold the skirt from the top left side towards the right side.
5664,01682_Skirt_000126_000030,01682_Skirt_000126_000080,01682_Skirt_000126_000035,01682_Skirt_000126_000085,"Make a fold in the skirt, starting from the left and ending at the right."
5667,02701_Skirt_000178_000040,02701_Skirt_000178_000095,02701_Skirt_000178_000040,02701_Skirt_000178_000095,"Create a fold in the skirt, going from right to left."
5668,00432_Skirt_000033_000025,00432_Skirt_000033_000115,00432_Skirt_000033_000025,00432_Skirt_000033_000135,Bring the left side of the skirt towards the right side and fold them in half.
5669,05836_Skirt_000357_000030,05836_Skirt_000357_000085,05836_Skirt_000357_000025,05836_Skirt_000357_000085,"Fold the skirt in half, right to left."
5672,00538_Skirt_000040_000055,00538_Skirt_000040_000135,00538_Skirt_000040_000055,00538_Skirt_000040_000125,"Fold the skirt in half horizontally, right to left."
5675,06624_Skirt_000404_000045,06624_Skirt_000404_000130,06624_Skirt_000404_000050,06624_Skirt_000404_000100,"Fold the skirt, making a crease from the right to the left."
5676,06165_Skirt_000384_000035,06165_Skirt_000384_000080,06165_Skirt_000384_000035,06165_Skirt_000384_000090,"Fold the skirt in half, starting from the top and ending at the bottom."
5678,01808_Skirt_000133_000035,01808_Skirt_000133_000080,01808_Skirt_000133_000030,01808_Skirt_000133_000080,"Fold the skirt, making a crease from the top right to the top left."
5680,05569_Skirt_000340_000030,05569_Skirt_000340_000080,05569_Skirt_000340_000030,05569_Skirt_000340_000075,"Fold the skirt, right side over left side."
5681,06630_Skirt_000405_000040,06630_Skirt_000405_000090,06630_Skirt_000405_000035,06630_Skirt_000405_000095,"Fold the skirt cleanly, from the right side to the left side."
5682,01580_Skirt_000123_000015,01580_Skirt_000123_000140,01580_Skirt_000123_000025,01580_Skirt_000123_000100,"Fold the skirt in half, starting from the left and ending at the right."
5683,03368_Skirt_000214_000025,03368_Skirt_000214_000085,03368_Skirt_000214_000025,03368_Skirt_000214_000075,"Crease the skirt down the middle, from right to left."
5684,05419_Skirt_000330_000020,05419_Skirt_000330_000090,05419_Skirt_000330_000025,05419_Skirt_000330_000075,"Create a fold in the skirt, going from top to bottom."
5685,06073_Skirt_000378_000035,06073_Skirt_000378_000085,06073_Skirt_000378_000035,06073_Skirt_000378_000085,"Fold the skirt, right side over left side."
5687,05693_Skirt_000349_000030,05693_Skirt_000349_000145,05693_Skirt_000349_000045,05693_Skirt_000349_000135,"Fold the skirt in half, with the left side overlapping the right."
5688,04121_Skirt_000249_000025,04121_Skirt_000249_000120,04121_Skirt_000249_000025,04121_Skirt_000249_000090,"Fold the skirt, bringing the left side to meet the right side."
5689,05945_Skirt_000367_000035,05945_Skirt_000367_000090,05945_Skirt_000367_000040,05945_Skirt_000367_000085,"Fold the skirt, orientating from the right towards the left."
5690,01357_Skirt_000107_000035,01357_Skirt_000107_000085,01357_Skirt_000107_000035,01357_Skirt_000107_000115,"Make a fold in the skirt, starting from the top and ending at the bottom."
5694,02495_Skirt_000163_000025,02495_Skirt_000163_000095,02495_Skirt_000163_000025,02495_Skirt_000163_000095,"Fold the skirt in half, aligning the right and left sides."
5697,02585_Skirt_000167_000025,02585_Skirt_000167_000070,02585_Skirt_000167_000030,02585_Skirt_000167_000075,"Create a fold in the skirt, going from left to right."
5699,04685_Skirt_000280_000025,04685_Skirt_000280_000070,04685_Skirt_000280_000030,04685_Skirt_000280_000070,"Fold the skirt in half, aligning the right and left sides."
5700,06754_Skirt_000412_000040,06754_Skirt_000412_000100,06754_Skirt_000412_000035,06754_Skirt_000412_000100,"Fold the skirt neatly, from the right side to the left side."
5702,05860_Skirt_000358_000055,05860_Skirt_000358_000115,05860_Skirt_000358_000060,05860_Skirt_000358_000120,"Fold the skirt, left side over right side."
5703,05967_Skirt_000369_000020,05967_Skirt_000369_000080,05967_Skirt_000369_000030,05967_Skirt_000369_000115,Bring the left side of the skirt towards the right side and fold them in half.
5704,01000_Skirt_000078_000020,01000_Skirt_000078_000075,01000_Skirt_000078_000025,01000_Skirt_000078_000090,"Fold the skirt in half, starting from the left and ending at the right."
5705,04973_Skirt_000299_000030,04973_Skirt_000299_000085,04973_Skirt_000299_000035,04973_Skirt_000299_000085,"Fold the skirt neatly, from the right side to the left side."
5706,00001_Skirt_000000_000090,00001_Skirt_000000_000145,00001_Skirt_000000_000080,00001_Skirt_000000_000140,"Fold the waistband of the skirt in half, from top left to top right."
5707,00086_Skirt_000006_000040,00086_Skirt_000006_000100,00086_Skirt_000006_000045,00086_Skirt_000006_000085,"Fold the skirt in half, top left to top right."
5708,02609_Skirt_000169_000035,02609_Skirt_000169_000080,02609_Skirt_000169_000035,02609_Skirt_000169_000095,Fold the skirt from the top side towards the bottom side.
5710,06001_Skirt_000373_000050,06001_Skirt_000373_000160,06001_Skirt_000373_000050,06001_Skirt_000373_000125,"Fold the skirt in half horizontally, left to right."
5711,07673_Skirt_000462_000025,07673_Skirt_000462_000125,07673_Skirt_000462_000065,07673_Skirt_000462_000160,"Fold the skirt, left side over right side."
5712,06485_Skirt_000402_000015,06485_Skirt_000402_000140,06485_Skirt_000402_000050,06485_Skirt_000402_000115,"Fold the skirt, orientating from the top towards the bottom."
5717,05194_Skirt_000315_000040,05194_Skirt_000315_000130,05194_Skirt_000315_000045,05194_Skirt_000315_000100,"Fold the skirt in half, with the top right side overlapping the top left."
5721,06163_Skirt_000383_000025,06163_Skirt_000383_000110,06163_Skirt_000383_000025,06163_Skirt_000383_000090,"Fold the skirt, making a crease from the right to the left."
5725,01254_Skirt_000101_000030,01254_Skirt_000101_000075,01254_Skirt_000101_000030,01254_Skirt_000101_000085,"Make a fold in the skirt, starting from the left and ending at the right."
5728,05677_Skirt_000348_000030,05677_Skirt_000348_000080,05677_Skirt_000348_000030,05677_Skirt_000348_000080,"Fold the skirt, ensuring the left side meets the right side."
5729,05496_Skirt_000336_000045,05496_Skirt_000336_000090,05496_Skirt_000336_000040,05496_Skirt_000336_000090,"Crease the skirt down the middle, from right to left."
5731,06889_Skirt_000422_000025,06889_Skirt_000422_000085,06889_Skirt_000422_000035,06889_Skirt_000422_000090,"Fold the skirt, making sure the top left side touches the top right side."
5733,06060_Skirt_000376_000035,06060_Skirt_000376_000085,06060_Skirt_000376_000040,06060_Skirt_000376_000090,"Fold the skirt, orientating from the left towards the right."
5735,03211_Skirt_000203_000040,03211_Skirt_000203_000085,03211_Skirt_000203_000040,03211_Skirt_000203_000090,"Fold the skirt in half, with the top side overlapping the bottom."
5740,06254_Skirt_000394_000050,06254_Skirt_000394_000090,06254_Skirt_000394_000040,06254_Skirt_000394_000110,"Make a fold in the skirt, starting from the top and ending at the bottom."
5741,00911_Skirt_000073_000045,00911_Skirt_000073_000155,00911_Skirt_000073_000050,00911_Skirt_000073_000145,"Bend the skirt in half, from right to left."
5742,04136_Skirt_000252_000025,04136_Skirt_000252_000085,04136_Skirt_000252_000030,04136_Skirt_000252_000080,"Fold the waistband of the skirt in half, from right to left."
5743,02372_Skirt_000158_000045,02372_Skirt_000158_000180,02372_Skirt_000158_000055,02372_Skirt_000158_000110,Fold the skirt from the right side towards the left side.
5746,02648_Skirt_000172_000025,02648_Skirt_000172_000080,02648_Skirt_000172_000025,02648_Skirt_000172_000075,"Fold the skirt in half, right to left."
5748,00637_Skirt_000050_000025,00637_Skirt_000050_000085,00637_Skirt_000050_000030,00637_Skirt_000050_000085,"Fold the skirt neatly, from the right side to the left side."
5754,05661_Skirt_000347_000035,05661_Skirt_000347_000080,05661_Skirt_000347_000035,05661_Skirt_000347_000100,"Make a fold in the skirt, starting from the bottom right and ending at the left."
5756,06923_Skirt_000425_000030,06923_Skirt_000425_000095,06923_Skirt_000425_000030,06923_Skirt_000425_000085,"Fold the skirt in half, aligning the right and left sides."
5758,07564_Skirt_000456_000070,07564_Skirt_000456_000155,07564_Skirt_000456_000075,07564_Skirt_000456_000130,Fold the skirt from the top side towards the bottom side.
5761,00718_Skirt_000059_000045,00718_Skirt_000059_000080,00718_Skirt_000059_000035,00718_Skirt_000059_000080,"Fold the skirt cleanly, from the right side to the left side."
5762,03542_Skirt_000224_000030,03542_Skirt_000224_000115,03542_Skirt_000224_000030,03542_Skirt_000224_000135,Fold the skirt from the right side towards the left side.
5764,06404_Skirt_000399_000035,06404_Skirt_000399_000110,06404_Skirt_000399_000035,06404_Skirt_000399_000090,"Fold the skirt in half horizontally, right to left."
5765,05744_Skirt_000353_000040,05744_Skirt_000353_000130,05744_Skirt_000353_000040,05744_Skirt_000353_000115,"Bend the skirt in half, from left to right."
5767,07365_Skirt_000446_000040,07365_Skirt_000446_000105,07365_Skirt_000446_000035,07365_Skirt_000446_000095,"Crease the skirt down the middle, from right to left."
5768,00885_Skirt_000072_000035,00885_Skirt_000072_000085,00885_Skirt_000072_000030,00885_Skirt_000072_000085,"Fold the skirt in half, right to left."
5771,07284_Skirt_000441_000045,07284_Skirt_000441_000085,07284_Skirt_000441_000045,07284_Skirt_000441_000100,"Fold the skirt, ensuring the top side meets the bottom side."
5772,03772_Skirt_000234_000030,03772_Skirt_000234_000080,03772_Skirt_000234_000025,03772_Skirt_000234_000075,"Fold the skirt, making a crease from the right to the left."
5773,06312_Skirt_000396_000025,06312_Skirt_000396_000095,06312_Skirt_000396_000025,06312_Skirt_000396_000105,"Fold the skirt in half horizontally, left to right."
5774,04973_Skirt_000297_000025,04973_Skirt_000297_000080,04973_Skirt_000297_000025,04973_Skirt_000297_000075,"Fold the skirt, making sure the right side touches the left side."
5777,04138_Skirt_000253_000050,04138_Skirt_000253_000095,04138_Skirt_000253_000055,04138_Skirt_000253_000095,"Fold the skirt cleanly, from the right side to the left side."
5778,02230_Skirt_000150_000040,02230_Skirt_000150_000080,02230_Skirt_000150_000035,02230_Skirt_000150_000085,"Fold the skirt in half horizontally, right to left."
5779,03524_Skirt_000223_000035,03524_Skirt_000223_000105,03524_Skirt_000223_000045,03524_Skirt_000223_000080,Bring the right side of the skirt towards the left side and fold them in half.
5780,02147_Skirt_000148_000025,02147_Skirt_000148_000135,02147_Skirt_000148_000040,02147_Skirt_000148_000135,"Fold the skirt in half, aligning the left and right sides."
5784,01718_Skirt_000127_000035,01718_Skirt_000127_000080,01718_Skirt_000127_000035,01718_Skirt_000127_000095,"Fold the skirt in half horizontally, left to right."
5785,06793_Skirt_000415_000040,06793_Skirt_000415_000085,06793_Skirt_000415_000030,06793_Skirt_000415_000085,Bring the right side of the skirt towards the left side and fold them in half.
5786,01162_Skirt_000093_000040,01162_Skirt_000093_000100,01162_Skirt_000093_000040,01162_Skirt_000093_000100,"Create a fold in the skirt, going from left to right."
5787,00588_Skirt_000046_000025,00588_Skirt_000046_000080,00588_Skirt_000046_000025,00588_Skirt_000046_000070,"Fold the skirt, ensuring the right side meets the left side."
5789,03660_Skirt_000229_000025,03660_Skirt_000229_000085,03660_Skirt_000229_000030,03660_Skirt_000229_000095,"Fold the skirt neatly, from the left side to the right side."
5790,06830_Skirt_000418_000030,06830_Skirt_000418_000085,06830_Skirt_000418_000030,06830_Skirt_000418_000080,"Fold the skirt in half, aligning the top left and right sides."
5791,06621_Skirt_000403_000040,06621_Skirt_000403_000100,06621_Skirt_000403_000035,06621_Skirt_000403_000100,"Fold the skirt, orientating from the right towards the left."
5792,06186_Skirt_000386_000030,06186_Skirt_000386_000080,06186_Skirt_000386_000030,06186_Skirt_000386_000080,"Fold the skirt in half, with the top right side overlapping the top left."
5793,02953_Skirt_000190_000065,02953_Skirt_000190_000130,02953_Skirt_000190_000025,02953_Skirt_000190_000105,"Fold the skirt, ensuring the right side meets the left side."
5794,01216_Skirt_000096_000040,01216_Skirt_000096_000105,01216_Skirt_000096_000045,01216_Skirt_000096_000090,"Bend the skirt in half, from top to bottom."
5796,04340_Skirt_000264_000025,04340_Skirt_000264_000115,04340_Skirt_000264_000025,04340_Skirt_000264_000085,"Fold the waistband of the skirt in half, from right to left."
5797,02402_Skirt_000160_000035,02402_Skirt_000160_000085,02402_Skirt_000160_000030,02402_Skirt_000160_000085,"Fold the skirt, left side over right side."
5798,07167_Skirt_000437_000055,07167_Skirt_000437_000105,07167_Skirt_000437_000040,07167_Skirt_000437_000110,"Crease the skirt down the middle, from right to left."
5799,06217_Skirt_000390_000035,06217_Skirt_000390_000090,06217_Skirt_000390_000040,06217_Skirt_000390_000085,"Fold the skirt in half, aligning the right and left sides."
5800,07278_Skirt_000439_000020,07278_Skirt_000439_000080,07278_Skirt_000439_000025,07278_Skirt_000439_000090,"Create a fold in the skirt, going from left to right."
5801,04172_Skirt_000254_000035,04172_Skirt_000254_000085,04172_Skirt_000254_000035,04172_Skirt_000254_000090,"Fold the skirt neatly, from the left side to the right side."
5802,04614_Skirt_000278_000030,04614_Skirt_000278_000115,04614_Skirt_000278_000035,04614_Skirt_000278_000070,"Fold the skirt in half, right to left."
5804,02727_Skirt_000181_000040,02727_Skirt_000181_000085,02727_Skirt_000181_000045,02727_Skirt_000181_000090,"Fold the skirt, making sure the left side touches the right side."
5806,02394_Skirt_000159_000030,02394_Skirt_000159_000075,02394_Skirt_000159_000030,02394_Skirt_000159_000070,"Fold the skirt, bringing the left side to meet the right side."
5811,01442_Skirt_000112_000035,01442_Skirt_000112_000090,01442_Skirt_000112_000040,01442_Skirt_000112_000090,"Create a fold in the skirt, going from top right to top left."
5812,05700_Skirt_000350_000130,05700_Skirt_000350_000210,05700_Skirt_000350_000045,05700_Skirt_000350_000230,"Bend the skirt in half, from left to right."
5813,03108_Skirt_000200_000035,03108_Skirt_000200_000075,03108_Skirt_000200_000035,03108_Skirt_000200_000080,"Fold the skirt, bringing the left side to meet the right side."
5814,00861_Skirt_000070_000025,00861_Skirt_000070_000070,00861_Skirt_000070_000030,00861_Skirt_000070_000080,"Fold the skirt in half, with the left side overlapping the right."
5816,00197_Skirt_000012_000035,00197_Skirt_000012_000070,00197_Skirt_000012_000035,00197_Skirt_000012_000075,"Fold the skirt, making sure the top side touches the bottom side."
5817,03014_Skirt_000195_000030,03014_Skirt_000195_000080,03014_Skirt_000195_000030,03014_Skirt_000195_000085,"Fold the skirt in half horizontally, left to right."
5819,05222_Skirt_000318_000025,05222_Skirt_000318_000090,05222_Skirt_000318_000030,05222_Skirt_000318_000065,"Crease the skirt down the middle, from left to right."
5820,05245_Skirt_000320_000020,05245_Skirt_000320_000095,05245_Skirt_000320_000030,05245_Skirt_000320_000085,"Fold the skirt, orientating from the left towards the right."
5825,04196_Skirt_000257_000030,04196_Skirt_000257_000110,04196_Skirt_000257_000035,04196_Skirt_000257_000080,"Fold the skirt cleanly, from the top side to the bottom side."
5826,00689_Skirt_000055_000040,00689_Skirt_000055_000085,00689_Skirt_000055_000050,00689_Skirt_000055_000085,"Fold the skirt, orientating from the left towards the right."
5828,07499_Skirt_000453_000025,07499_Skirt_000453_000080,07499_Skirt_000453_000030,07499_Skirt_000453_000080,"Create a fold in the skirt, going from right to left."
5829,02048_Skirt_000142_000025,02048_Skirt_000142_000085,02048_Skirt_000142_000035,02048_Skirt_000142_000085,"Crease the skirt down the middle, from left to right."
5832,01172_Skirt_000094_000065,01172_Skirt_000094_000150,01172_Skirt_000094_000025,01172_Skirt_000094_000135,"Fold the waistband of the skirt in half, from left to right."
5833,00708_Skirt_000057_000045,00708_Skirt_000057_000085,00708_Skirt_000057_000040,00708_Skirt_000057_000090,"Fold the skirt in half, with the right side overlapping the left."
5835,00386_Skirt_000028_000030,00386_Skirt_000028_000070,00386_Skirt_000028_000035,00386_Skirt_000028_000080,"Fold the skirt, orientating from the left towards the right."
5837,05257_Skirt_000321_000030,05257_Skirt_000321_000095,05257_Skirt_000321_000030,05257_Skirt_000321_000095,"Bend the skirt in half, from right to left."
5838,01995_Skirt_000140_000040,01995_Skirt_000140_000105,01995_Skirt_000140_000040,01995_Skirt_000140_000085,"Fold the skirt in half horizontally, top to bottom."
5841,06763_Skirt_000413_000035,06763_Skirt_000413_000075,06763_Skirt_000413_000030,06763_Skirt_000413_000075,"Fold the skirt, bringing the right side to meet the left side."
5844,05899_Skirt_000362_000045,05899_Skirt_000362_000125,05899_Skirt_000362_000050,05899_Skirt_000362_000115,"Fold the skirt, bringing the right side to meet the left side."
5845,00998_Skirt_000077_000025,00998_Skirt_000077_000075,00998_Skirt_000077_000030,00998_Skirt_000077_000080,"Fold the skirt, left side over right side."
5846,04777_Skirt_000284_000035,04777_Skirt_000284_000085,04777_Skirt_000284_000030,04777_Skirt_000284_000070,"Bend the skirt in half, from top right to top left."
5847,03884_Skirt_000239_000030,03884_Skirt_000239_000090,03884_Skirt_000239_000030,03884_Skirt_000239_000075,"Fold the skirt, ensuring the top side meets the bottom side."
5849,07655_Skirt_000460_000035,07655_Skirt_000460_000085,07655_Skirt_000460_000035,07655_Skirt_000460_000090,"Fold the waistband of the skirt in half, from right to left."
5850,04501_Skirt_000269_000040,04501_Skirt_000269_000105,04501_Skirt_000269_000040,04501_Skirt_000269_000085,"Fold the skirt, bringing the top right side to meet the top left side."
5851,01085_Skirt_000086_000050,01085_Skirt_000086_000110,01085_Skirt_000086_000035,01085_Skirt_000086_000125,"Make a fold in the skirt, starting from the left and ending at the right."
5852,01066_Skirt_000084_000040,01066_Skirt_000084_000090,01066_Skirt_000084_000040,01066_Skirt_000084_000095,"Fold the skirt, making a crease from the left to the right."
5855,04031_Skirt_000246_000040,04031_Skirt_000246_000085,04031_Skirt_000246_000035,04031_Skirt_000246_000095,"Fold the skirt, left side over right side."
5856,05220_Skirt_000317_000015,05220_Skirt_000317_000070,05220_Skirt_000317_000025,05220_Skirt_000317_000090,Bring the left side of the skirt towards the right side and fold them in half.
5857,01779_Skirt_000131_000030,01779_Skirt_000131_000095,01779_Skirt_000131_000025,01779_Skirt_000131_000095,"Fold the skirt in half, with the right side overlapping the left."
5860,07319_Skirt_000443_000025,07319_Skirt_000443_000070,07319_Skirt_000443_000035,07319_Skirt_000443_000070,"Create a fold in the skirt, going from left to right."
5862,00920_Skirt_000074_000040,00920_Skirt_000074_000090,00920_Skirt_000074_000045,00920_Skirt_000074_000085,"Fold the skirt in half, starting from the right and ending at the left."
5863,05412_Skirt_000329_000025,05412_Skirt_000329_000085,05412_Skirt_000329_000025,05412_Skirt_000329_000070,"Bend the skirt in half, from top right to top left."
5866,06954_Skirt_000428_000020,06954_Skirt_000428_000075,06954_Skirt_000428_000025,06954_Skirt_000428_000090,"Fold the skirt in half horizontally, left to right."
5867,03571_Skirt_000226_000045,03571_Skirt_000226_000125,03571_Skirt_000226_000045,03571_Skirt_000226_000100,"Fold the skirt, bringing the right side to meet the left side."
5868,03247_Skirt_000206_000035,03247_Skirt_000206_000085,03247_Skirt_000206_000035,03247_Skirt_000206_000085,"Fold the skirt in half, with the top right side overlapping the top left."
5869,03322_Skirt_000211_000035,03322_Skirt_000211_000095,03322_Skirt_000211_000035,03322_Skirt_000211_000095,"Fold the skirt, orientating from the top towards the bottom."
5875,03267_Skirt_000207_000045,03267_Skirt_000207_000090,03267_Skirt_000207_000040,03267_Skirt_000207_000100,"Make a fold in the skirt, starting from the top left and ending at the right."
5879,07417_Skirt_000450_000050,07417_Skirt_000450_000120,07417_Skirt_000450_000045,07417_Skirt_000450_000110,"Fold the skirt, bringing the top right side to meet the top left side."
5881,07615_Skirt_000459_000060,07615_Skirt_000459_000115,07615_Skirt_000459_000040,07615_Skirt_000459_000125,"Fold the skirt neatly, from the left side to the right side."
5882,05149_Skirt_000313_000020,05149_Skirt_000313_000065,05149_Skirt_000313_000025,05149_Skirt_000313_000075,"Crease the skirt down the middle, from left to right."
5883,01341_Skirt_000106_000030,01341_Skirt_000106_000085,01341_Skirt_000106_000030,01341_Skirt_000106_000095,"Fold the skirt in half horizontally, top to bottom."
5887,02744_Skirt_000182_000025,02744_Skirt_000182_000140,02744_Skirt_000182_000025,02744_Skirt_000182_000100,"Create a fold in the skirt, going from right to left."
5888,00716_Skirt_000058_000035,00716_Skirt_000058_000095,00716_Skirt_000058_000030,00716_Skirt_000058_000115,"Fold the skirt, making sure the top side touches the bottom side."
5889,05483_Skirt_000335_000030,05483_Skirt_000335_000070,05483_Skirt_000335_000030,05483_Skirt_000335_000075,"Fold the skirt, making a crease from the right to the left."
5894,00067_Skirt_000005_000045,00067_Skirt_000005_000085,00067_Skirt_000005_000045,00067_Skirt_000005_000090,"Fold the skirt in half, with the top side overlapping the bottom."
