Unnamed: 0.1,left_start_idx,left_end_idx,right_start_idx,right_end_idx,text
5161,00861_Skirt_000070_000110,00861_Skirt_000070_000180,00861_Skirt_000070_000105,00861_Skirt_000070_000155,"Fold the skirt cleanly, from the top side to the bottom side."
5170,01797_Skirt_000132_000120,01797_Skirt_000132_000185,01797_Skirt_000132_000120,01797_Skirt_000132_000165,"Fold the skirt in half horizontally, top to bottom."
5172,03821_Skirt_000235_000155,03821_Skirt_000235_000200,03821_Skirt_000235_000155,03821_Skirt_000235_000230,"Fold the skirt, bringing the top right side to meet the bottom right side."
5173,04340_Skirt_000264_000150,04340_Skirt_000264_000185,04340_Skirt_000264_000150,04340_Skirt_000264_000210,"Fold the skirt in half, aligning the top and bottom sides."
5178,03003_Skirt_000193_000130,03003_Skirt_000193_000205,03003_Skirt_000193_000125,03003_Skirt_000193_000170,"Fold the skirt, orientating from the top towards the bottom."
5179,06918_Skirt_000424_000115,06918_Skirt_000424_000175,06918_Skirt_000424_000170,06918_Skirt_000424_000210,"Fold the skirt in half, top to bottom."
5181,00716_Skirt_000058_000155,00716_Skirt_000058_000255,00716_Skirt_000058_000145,00716_Skirt_000058_000200,"Fold the skirt in half, aligning the bottom right and left sides."
5182,03475_Skirt_000221_000145,03475_Skirt_000221_000210,03475_Skirt_000221_000140,03475_Skirt_000221_000180,"Fold the skirt in half, aligning the top and bottom sides."
5183,02609_Skirt_000169_000125,02609_Skirt_000169_000175,02609_Skirt_000169_000120,02609_Skirt_000169_000155,"Fold the skirt, bringing the right side to meet the left side."
5184,04197_Skirt_000258_000140,04197_Skirt_000258_000185,04197_Skirt_000258_000140,04197_Skirt_000258_000215,"Fold the skirt, making sure the top left side touches the bottom side."
5193,05287_Skirt_000322_000125,05287_Skirt_000322_000160,05287_Skirt_000322_000130,05287_Skirt_000322_000175,"Fold the skirt in half, starting from the top left and ending at the bottom right."
5202,04911_Skirt_000292_000100,04911_Skirt_000292_000150,04911_Skirt_000292_000100,04911_Skirt_000292_000130,"Fold the skirt neatly, from the top side to the bottom side."
5204,02275_Skirt_000154_000120,02275_Skirt_000154_000160,02275_Skirt_000154_000120,02275_Skirt_000154_000170,"Fold the skirt in half, top to bottom."
5205,04271_Skirt_000263_000130,04271_Skirt_000263_000180,04271_Skirt_000263_000130,04271_Skirt_000263_000165,"Fold the skirt in half, aligning the top and bottom sides."
5209,03594_Skirt_000227_000135,03594_Skirt_000227_000195,03594_Skirt_000227_000135,03594_Skirt_000227_000165,"Fold the skirt, bringing the top side to meet the bottom side."
5213,07365_Skirt_000446_000155,07365_Skirt_000446_000205,07365_Skirt_000446_000160,07365_Skirt_000446_000235,Fold the skirt from the top right side towards the bottom right side.
5214,01771_Skirt_000129_000125,01771_Skirt_000129_000170,01771_Skirt_000129_000125,01771_Skirt_000129_000190,"Bend the skirt in half, from top to bottom."
5216,00409_Skirt_000030_000150,00409_Skirt_000030_000185,00409_Skirt_000030_000125,00409_Skirt_000030_000170,"Fold the skirt in half, top to bottom."
5217,00637_Skirt_000050_000135,00637_Skirt_000050_000180,00637_Skirt_000050_000140,00637_Skirt_000050_000205,"Fold the skirt neatly, from the top side to the bottom side."
5218,04906_Skirt_000291_000110,04906_Skirt_000291_000165,04906_Skirt_000291_000100,04906_Skirt_000291_000145,"Make a fold in the skirt, starting from the top and ending at the bottom."
5219,05629_Skirt_000345_000140,05629_Skirt_000345_000170,05629_Skirt_000345_000140,05629_Skirt_000345_000190,"Fold the skirt, making a crease from the top right to the bottom right."
5220,00161_Skirt_000009_000105,00161_Skirt_000009_000155,00161_Skirt_000009_000095,00161_Skirt_000009_000140,"Fold the skirt, top side over bottom side."
5221,00549_Skirt_000042_000205,00549_Skirt_000042_000295,00549_Skirt_000042_000190,00549_Skirt_000042_000240,"Fold the skirt in half horizontally, top to bottom."
5225,05373_Skirt_000326_000090,05373_Skirt_000326_000145,05373_Skirt_000326_000085,05373_Skirt_000326_000120,"Fold the skirt, orientating from the top towards the bottom."
5226,00333_Skirt_000027_000180,00333_Skirt_000027_000365,00333_Skirt_000027_000175,00333_Skirt_000027_000215,"Fold the skirt cleanly, from the right side to the bottom side."
5228,02145_Skirt_000147_000120,02145_Skirt_000147_000180,02145_Skirt_000147_000110,02145_Skirt_000147_000155,Fold the skirt from the top side towards the bottom side.
5231,04614_Skirt_000278_000135,04614_Skirt_000278_000180,04614_Skirt_000278_000145,04614_Skirt_000278_000200,"Make a fold in the skirt, starting from the top and ending at the bottom."
5233,01543_Skirt_000120_000155,01543_Skirt_000120_000180,,,Straighten out the bottom left part of the skirt only using the left arm.
5235,02365_Skirt_000157_000180,02365_Skirt_000157_000220,02365_Skirt_000157_000180,02365_Skirt_000157_000250,"Crease the skirt down the middle, from top to bottom."
5236,00041_Skirt_000002_000160,00041_Skirt_000002_000200,00041_Skirt_000002_000155,00041_Skirt_000002_000210,"Fold the skirt, orientating from the top towards the bottom."
5238,04222_Skirt_000261_000135,04222_Skirt_000261_000185,04222_Skirt_000261_000135,04222_Skirt_000261_000195,"Fold the waistband of the skirt in half, from top left to bottom right."
5239,01091_Skirt_000088_000155,01091_Skirt_000088_000225,01091_Skirt_000088_000135,01091_Skirt_000088_000190,"Bend the skirt in half, from top to bottom."
5240,01132_Skirt_000090_000115,01132_Skirt_000090_000185,01132_Skirt_000090_000100,01132_Skirt_000090_000150,"Fold the skirt, making sure the top side touches the bottom side."
5241,06220_Skirt_000391_000105,06220_Skirt_000391_000165,06220_Skirt_000391_000100,06220_Skirt_000391_000145,"Fold the skirt, making sure the right side touches the left side."
5243,04525_Skirt_000272_000125,04525_Skirt_000272_000175,04525_Skirt_000272_000130,04525_Skirt_000272_000175,"Fold the skirt in half, with the bottom left side overlapping the bottom right."
5246,01478_Skirt_000118_000185,01478_Skirt_000118_000220,01478_Skirt_000118_000180,01478_Skirt_000118_000305,"Fold the skirt, ensuring the top left side meets the bottom left side."
5248,00721_Skirt_000060_000195,00721_Skirt_000060_000265,00721_Skirt_000060_000175,00721_Skirt_000060_000235,"Fold the skirt, orientating from the top towards the bottom."
5249,02048_Skirt_000142_000125,02048_Skirt_000142_000195,02048_Skirt_000142_000115,02048_Skirt_000142_000165,"Fold the skirt in half, starting from the top and ending at the bottom."
5250,01085_Skirt_000086_000275,01085_Skirt_000086_000345,01085_Skirt_000086_000170,01085_Skirt_000086_000315,"Crease the skirt down the middle, from top to bottom."
5255,01444_Skirt_000113_000195,01444_Skirt_000113_000260,01444_Skirt_000113_000195,01444_Skirt_000113_000245,"Make a fold in the skirt, starting from the bottom right and ending at the bottom left."
5257,04998_Skirt_000302_000115,04998_Skirt_000302_000180,04998_Skirt_000302_000105,04998_Skirt_000302_000150,"Fold the skirt, orientating from the top left towards the bottom left."
5260,03660_Skirt_000229_000135,03660_Skirt_000229_000210,03660_Skirt_000229_000135,03660_Skirt_000229_000175,"Fold the skirt, orientating from the top towards the bottom."
5261,06042_Skirt_000375_000125,06042_Skirt_000375_000170,06042_Skirt_000375_000130,06042_Skirt_000375_000185,"Fold the skirt in half, starting from the top right and ending at the bottom right."
5262,00538_Skirt_000040_000175,00538_Skirt_000040_000225,00538_Skirt_000040_000180,00538_Skirt_000040_000235,"Create a fold in the skirt, going from top to bottom."
5264,03928_Skirt_000242_000125,03928_Skirt_000242_000170,03928_Skirt_000242_000130,03928_Skirt_000242_000165,Bring the top right side of the skirt towards the bottom right side and fold them in half.
5267,04739_Skirt_000282_000145,04739_Skirt_000282_000195,04739_Skirt_000282_000150,04739_Skirt_000282_000205,"Fold the waistband of the skirt in half, from top left to bottom right."
5269,03961_Skirt_000243_000115,03961_Skirt_000243_000200,03961_Skirt_000243_000135,03961_Skirt_000243_000175,"Fold the skirt in half, starting from the top and ending at the bottom."
5272,04031_Skirt_000246_000130,04031_Skirt_000246_000175,04031_Skirt_000246_000120,04031_Skirt_000246_000160,"Fold the skirt, top side over bottom side."
5274,05967_Skirt_000369_000125,05967_Skirt_000369_000210,05967_Skirt_000369_000145,05967_Skirt_000369_000190,Fold the skirt from the top left side towards the bottom left side.
5276,03678_Skirt_000230_000120,03678_Skirt_000230_000185,03678_Skirt_000230_000110,03678_Skirt_000230_000155,Bring the top side of the skirt towards the bottom side and fold them in half.
5281,07141_Skirt_000435_000100,07141_Skirt_000435_000200,07141_Skirt_000435_000095,07141_Skirt_000435_000155,"Crease the skirt down the middle, from top left to bottom."
5282,02878_Skirt_000189_000125,02878_Skirt_000189_000195,02878_Skirt_000189_000120,02878_Skirt_000189_000155,"Fold the waistband of the skirt in half, from top to bottom."
5285,02655_Skirt_000173_000135,02655_Skirt_000173_000195,02655_Skirt_000173_000140,02655_Skirt_000173_000210,"Fold the skirt neatly, from the bottom left side to the right side."
5287,02515_Skirt_000165_000135,02515_Skirt_000165_000205,02515_Skirt_000165_000130,02515_Skirt_000165_000170,"Fold the skirt, top side over bottom side."
5289,04971_Skirt_000296_000100,04971_Skirt_000296_000205,04971_Skirt_000296_000100,04971_Skirt_000296_000150,"Create a fold in the skirt, going from top to bottom."
5291,00704_Skirt_000056_000155,00704_Skirt_000056_000195,00704_Skirt_000056_000150,00704_Skirt_000056_000190,"Make a fold in the skirt, starting from the top and ending at the left."
5292,06749_Skirt_000411_000220,06749_Skirt_000411_000265,06749_Skirt_000411_000215,06749_Skirt_000411_000275,"Bend the skirt in half, from left to right."
5293,07669_Skirt_000461_000140,07669_Skirt_000461_000210,07669_Skirt_000461_000125,07669_Skirt_000461_000180,Bring the top side of the skirt towards the bottom side and fold them in half.
5296,07455_Skirt_000451_000105,07455_Skirt_000451_000185,07455_Skirt_000451_000105,07455_Skirt_000451_000145,"Fold the skirt, making sure the top side touches the bottom side."
5300,02715_Skirt_000179_000145,02715_Skirt_000179_000225,02715_Skirt_000179_000155,02715_Skirt_000179_000205,"Fold the skirt, ensuring the bottom right side meets the bottom left side."
5307,02240_Skirt_000151_000135,02240_Skirt_000151_000190,02240_Skirt_000151_000135,02240_Skirt_000151_000185,"Create a fold in the skirt, going from right to left."
5309,00639_Skirt_000051_000115,00639_Skirt_000051_000175,00639_Skirt_000051_000110,00639_Skirt_000051_000160,"Fold the skirt, making sure the bottom right side touches the bottom left side."
5310,06954_Skirt_000428_000125,06954_Skirt_000428_000195,06954_Skirt_000428_000120,06954_Skirt_000428_000165,"Bend the skirt in half, from top to bottom."
5316,04200_Skirt_000259_000125,04200_Skirt_000259_000165,04200_Skirt_000259_000125,04200_Skirt_000259_000180,"Fold the skirt, orientating from the top towards the bottom."
5318,05150_Skirt_000314_000115,05150_Skirt_000314_000175,05150_Skirt_000314_000115,05150_Skirt_000314_000150,"Fold the skirt, orientating from the top towards the bottom."
5322,06793_Skirt_000415_000135,06793_Skirt_000415_000180,06793_Skirt_000415_000135,06793_Skirt_000415_000195,"Bend the skirt in half, from top left to bottom right."
5324,00193_Skirt_000011_000115,00193_Skirt_000011_000170,00193_Skirt_000011_000110,00193_Skirt_000011_000150,"Fold the skirt in half horizontally, right to left."
5325,05483_Skirt_000335_000120,05483_Skirt_000335_000165,05483_Skirt_000335_000120,05483_Skirt_000335_000170,Bring the top side of the skirt towards the bottom side and fold them in half.
5328,05133_Skirt_000311_000125,05133_Skirt_000311_000170,05133_Skirt_000311_000125,05133_Skirt_000311_000175,"Bend the skirt in half, from bottom left to right."
5329,05612_Skirt_000342_000240,05612_Skirt_000342_000275,05612_Skirt_000342_000240,05612_Skirt_000342_000290,"Fold the skirt, ensuring the top side meets the bottom side."
5330,06106_Skirt_000382_000115,06106_Skirt_000382_000160,06106_Skirt_000382_000125,06106_Skirt_000382_000180,"Create a fold in the skirt, going from top to bottom."
5331,05883_Skirt_000360_000125,05883_Skirt_000360_000200,05883_Skirt_000360_000125,05883_Skirt_000360_000175,"Fold the skirt, bringing the bottom right side to meet the bottom left side."
5333,00477_Skirt_000036_000120,00477_Skirt_000036_000165,00477_Skirt_000036_000135,00477_Skirt_000036_000180,"Fold the skirt neatly, from the top side to the bottom side."
5336,00486_Skirt_000038_000145,00486_Skirt_000038_000190,00486_Skirt_000038_000150,00486_Skirt_000038_000210,"Fold the skirt, making sure the top side touches the bottom side."
5337,02744_Skirt_000182_000180,02744_Skirt_000182_000205,02744_Skirt_000182_000165,02744_Skirt_000182_000260,"Fold the skirt in half, starting from the top right and ending at the bottom right."
5338,06347_Skirt_000397_000110,06347_Skirt_000397_000195,06347_Skirt_000397_000105,06347_Skirt_000397_000150,"Fold the skirt, orientating from the top towards the bottom."
5340,04506_Skirt_000270_000170,04506_Skirt_000270_000205,04506_Skirt_000270_000170,04506_Skirt_000270_000220,"Fold the waistband of the skirt in half, from top to bottom."
5345,01042_Skirt_000082_000155,01042_Skirt_000082_000235,01042_Skirt_000082_000150,01042_Skirt_000082_000205,"Fold the skirt in half, starting from the top and ending at the bottom."
5346,01006_Skirt_000079_000125,01006_Skirt_000079_000165,01006_Skirt_000079_000125,01006_Skirt_000079_000180,Fold the skirt from the top right side towards the bottom right side.
5347,,,00911_Skirt_000073_000195,00911_Skirt_000073_000225,Ensure the bottom right part of the skirt is well-positioned only using the right arm.
5350,01240_Skirt_000098_000115,01240_Skirt_000098_000155,01240_Skirt_000098_000115,01240_Skirt_000098_000185,"Fold the skirt in half, with the top side overlapping the bottom."
5351,00046_Skirt_000003_000145,00046_Skirt_000003_000190,00046_Skirt_000003_000150,00046_Skirt_000003_000205,"Fold the skirt in half, with the bottom left side overlapping the right."
5352,02720_Skirt_000180_000130,02720_Skirt_000180_000200,02720_Skirt_000180_000125,02720_Skirt_000180_000170,"Crease the skirt down the middle, from top to bottom."
5356,00040_Skirt_000001_000200,00040_Skirt_000001_000255,00040_Skirt_000001_000205,00040_Skirt_000001_000260,Bring the top side of the skirt towards the bottom side and fold them in half.
5358,02495_Skirt_000163_000155,02495_Skirt_000163_000200,02495_Skirt_000163_000155,02495_Skirt_000163_000210,"Fold the skirt, making sure the top side touches the bottom side."
5361,03571_Skirt_000226_000150,03571_Skirt_000226_000190,03571_Skirt_000226_000150,03571_Skirt_000226_000215,"Fold the skirt, top side over bottom side."
5364,,,06072_Skirt_000377_000165,06072_Skirt_000377_000210,Ensure the bottom right part of the skirt is well-positioned only using the right arm.
5368,00770_Skirt_000064_000155,00770_Skirt_000064_000205,00770_Skirt_000064_000160,00770_Skirt_000064_000235,"Make a fold in the skirt, starting from the top and ending at the bottom."
5372,01628_Skirt_000124_000135,01628_Skirt_000124_000205,01628_Skirt_000124_000135,01628_Skirt_000124_000185,"Fold the skirt, making a crease from the top to the bottom."
5377,06104_Skirt_000381_000150,06104_Skirt_000381_000190,06104_Skirt_000381_000155,06104_Skirt_000381_000215,"Fold the skirt, top side over bottom side."
5382,07319_Skirt_000443_000110,07319_Skirt_000443_000175,07319_Skirt_000443_000105,07319_Skirt_000443_000150,"Create a fold in the skirt, going from top to bottom."
5385,04121_Skirt_000249_000145,04121_Skirt_000249_000190,04121_Skirt_000249_000145,04121_Skirt_000249_000210,"Fold the skirt, bringing the top right side to meet the bottom left side."
5390,04136_Skirt_000252_000120,04136_Skirt_000252_000145,04136_Skirt_000252_000115,04136_Skirt_000252_000140,"Fold the waistband of the skirt in half, from right to left."
5391,06768_Skirt_000414_000130,06768_Skirt_000414_000185,06768_Skirt_000414_000145,06768_Skirt_000414_000185,"Make a fold in the skirt, starting from the top and ending at the bottom."
5393,02752_Skirt_000183_000130,02752_Skirt_000183_000185,02752_Skirt_000183_000130,02752_Skirt_000183_000200,"Fold the skirt in half, aligning the bottom left and right sides."
5395,05980_Skirt_000370_000120,05980_Skirt_000370_000185,05980_Skirt_000370_000120,05980_Skirt_000370_000165,"Fold the skirt, making sure the top side touches the bottom side."
5396,06001_Skirt_000373_000185,06001_Skirt_000373_000225,06001_Skirt_000373_000190,06001_Skirt_000373_000250,Fold the skirt from the top side towards the bottom side.
5397,01172_Skirt_000094_000225,01172_Skirt_000094_000320,01172_Skirt_000094_000225,01172_Skirt_000094_000285,"Fold the skirt in half horizontally, top right to bottom left."
5399,05860_Skirt_000358_000160,05860_Skirt_000358_000295,05860_Skirt_000358_000205,05860_Skirt_000358_000250,"Make a fold in the skirt, starting from the top and ending at the bottom."
5400,06246_Skirt_000392_000130,06246_Skirt_000392_000185,06246_Skirt_000392_000145,06246_Skirt_000392_000205,"Fold the skirt, ensuring the top left side meets the bottom right side."
5401,02795_Skirt_000184_000140,02795_Skirt_000184_000205,02795_Skirt_000184_000135,02795_Skirt_000184_000180,Fold the skirt from the top side towards the bottom side.
5402,07061_Skirt_000433_000145,07061_Skirt_000433_000200,07061_Skirt_000433_000145,07061_Skirt_000433_000185,"Fold the skirt, making a crease from the right to the left."
5403,03402_Skirt_000218_000180,03402_Skirt_000218_000210,03402_Skirt_000218_000170,03402_Skirt_000218_000245,"Fold the waistband of the skirt in half, from top to bottom."
5405,07564_Skirt_000456_000185,07564_Skirt_000456_000245,07564_Skirt_000456_000180,07564_Skirt_000456_000270,"Fold the skirt, making a crease from the bottom left to the bottom right."
5410,00772_Skirt_000065_000185,00772_Skirt_000065_000260,00772_Skirt_000065_000185,00772_Skirt_000065_000235,"Fold the skirt, making a crease from the top to the bottom."
5411,01216_Skirt_000096_000135,01216_Skirt_000096_000180,01216_Skirt_000096_000140,01216_Skirt_000096_000200,"Fold the waistband of the skirt in half, from left to right."
5412,05569_Skirt_000340_000110,05569_Skirt_000340_000155,05569_Skirt_000340_000115,05569_Skirt_000340_000150,"Fold the skirt cleanly, from the top side to the bottom side."
5415,01370_Skirt_000108_000130,01370_Skirt_000108_000185,01370_Skirt_000108_000140,01370_Skirt_000108_000205,Bring the top side of the skirt towards the bottom side and fold them in half.
5416,07594_Skirt_000457_000255,07594_Skirt_000457_000330,07594_Skirt_000457_000245,07594_Skirt_000457_000295,"Fold the skirt in half, aligning the top and bottom sides."
5417,05996_Skirt_000372_000140,05996_Skirt_000372_000190,05996_Skirt_000372_000150,05996_Skirt_000372_000215,"Fold the skirt, making a crease from the top left to the bottom right."
5420,02394_Skirt_000159_000110,02394_Skirt_000159_000170,02394_Skirt_000159_000105,02394_Skirt_000159_000145,"Fold the skirt in half, with the top side overlapping the bottom."
5422,03987_Skirt_000245_000135,03987_Skirt_000245_000195,03987_Skirt_000245_000130,03987_Skirt_000245_000170,Bring the top side of the skirt towards the bottom side and fold them in half.
5424,00398_Skirt_000029_000160,00398_Skirt_000029_000210,00398_Skirt_000029_000160,00398_Skirt_000029_000225,"Bend the skirt in half, from top to bottom."
5425,02511_Skirt_000164_000145,02511_Skirt_000164_000235,02511_Skirt_000164_000125,02511_Skirt_000164_000155,"Fold the waistband of the skirt in half, from top left to bottom right."
5429,02593_Skirt_000168_000130,02593_Skirt_000168_000200,02593_Skirt_000168_000125,02593_Skirt_000168_000170,"Fold the skirt, ensuring the top side meets the bottom side."
5431,02133_Skirt_000146_000155,02133_Skirt_000146_000200,02133_Skirt_000146_000160,02133_Skirt_000146_000210,"Fold the skirt, ensuring the top side meets the bottom side."
5437,00243_Skirt_000017_000135,00243_Skirt_000017_000170,00243_Skirt_000017_000115,00243_Skirt_000017_000165,"Fold the skirt cleanly, from the top side to the bottom side."
5443,04138_Skirt_000253_000180,04138_Skirt_000253_000225,04138_Skirt_000253_000175,04138_Skirt_000253_000230,"Fold the skirt, top left side over bottom right side."
5444,00769_Skirt_000063_000120,00769_Skirt_000063_000190,00769_Skirt_000063_000115,00769_Skirt_000063_000165,"Fold the skirt in half, aligning the top and bottom sides."
5445,02701_Skirt_000178_000145,02701_Skirt_000178_000200,02701_Skirt_000178_000160,02701_Skirt_000178_000220,"Fold the skirt, making a crease from the top to the bottom."
5446,04587_Skirt_000275_000120,04587_Skirt_000275_000175,04587_Skirt_000275_000135,04587_Skirt_000275_000190,"Fold the skirt, making a crease from the top left to the bottom right."
5447,06923_Skirt_000425_000145,06923_Skirt_000425_000215,06923_Skirt_000425_000140,06923_Skirt_000425_000255,"Fold the skirt cleanly, from the top side to the bottom side."
5450,02615_Skirt_000170_000105,02615_Skirt_000170_000160,02615_Skirt_000170_000095,02615_Skirt_000170_000140,"Crease the skirt down the middle, from top to bottom."
5451,02433_Skirt_000161_000125,02433_Skirt_000161_000185,02433_Skirt_000161_000115,02433_Skirt_000161_000160,"Create a fold in the skirt, going from top to bottom."
5463,00386_Skirt_000028_000110,00386_Skirt_000028_000155,00386_Skirt_000028_000105,00386_Skirt_000028_000140,"Fold the skirt, bringing the top side to meet the bottom side."
5465,03298_Skirt_000209_000105,03298_Skirt_000209_000155,03298_Skirt_000209_000105,03298_Skirt_000209_000140,"Fold the skirt in half, with the top side overlapping the bottom."
5466,01463_Skirt_000116_000160,01463_Skirt_000116_000240,01463_Skirt_000116_000165,01463_Skirt_000116_000210,"Fold the skirt, making a crease from the top to the bottom."
5467,06383_Skirt_000398_000135,06383_Skirt_000398_000175,06383_Skirt_000398_000140,06383_Skirt_000398_000205,"Fold the waistband of the skirt in half, from top to bottom."
5469,05661_Skirt_000347_000130,05661_Skirt_000347_000200,05661_Skirt_000347_000130,05661_Skirt_000347_000170,"Fold the skirt, making sure the top right side touches the bottom side."
5470,02243_Skirt_000152_000120,02243_Skirt_000152_000180,02243_Skirt_000152_000120,02243_Skirt_000152_000160,"Fold the skirt, bringing the top side to meet the bottom side."
5474,01383_Skirt_000109_000200,01383_Skirt_000109_000275,01383_Skirt_000109_000190,01383_Skirt_000109_000240,"Fold the skirt, ensuring the top side meets the bottom side."
5478,07278_Skirt_000439_000140,07278_Skirt_000439_000195,07278_Skirt_000439_000130,07278_Skirt_000439_000170,"Bend the skirt in half, from top to bottom."
5480,01321_Skirt_000103_000120,01321_Skirt_000103_000185,01321_Skirt_000103_000115,01321_Skirt_000103_000160,"Fold the skirt in half, starting from the top and ending at the bottom."
5482,04602_Skirt_000276_000130,04602_Skirt_000276_000175,04602_Skirt_000276_000130,04602_Skirt_000276_000175,Bring the bottom left side of the skirt towards the bottom right side and fold them in half.
5485,02002_Skirt_000141_000110,02002_Skirt_000141_000175,02002_Skirt_000141_000105,02002_Skirt_000141_000145,"Fold the skirt in half, top to bottom."
5487,05125_Skirt_000309_000125,05125_Skirt_000309_000160,05125_Skirt_000309_000125,05125_Skirt_000309_000175,"Fold the skirt in half, aligning the top and bottom sides."
5488,06972_Skirt_000429_000135,06972_Skirt_000429_000200,06972_Skirt_000429_000120,06972_Skirt_000429_000170,"Fold the skirt, top side over bottom side."
5490,05294_Skirt_000323_000165,05294_Skirt_000323_000200,05294_Skirt_000323_000160,05294_Skirt_000323_000225,"Fold the skirt neatly, from the top side to the bottom side."
5493,03350_Skirt_000213_000145,03350_Skirt_000213_000265,03350_Skirt_000213_000135,03350_Skirt_000213_000180,"Fold the skirt, making a crease from the top to the bottom."
5495,06095_Skirt_000380_000125,06095_Skirt_000380_000180,06095_Skirt_000380_000120,06095_Skirt_000380_000155,"Fold the skirt, orientating from the top towards the bottom."
5496,00588_Skirt_000046_000115,00588_Skirt_000046_000220,00588_Skirt_000046_000155,00588_Skirt_000046_000240,"Fold the skirt in half, top to bottom."
5499,01000_Skirt_000078_000135,01000_Skirt_000078_000235,01000_Skirt_000078_000115,01000_Skirt_000078_000175,"Create a fold in the skirt, going from top left to bottom left."
5502,05899_Skirt_000362_000200,05899_Skirt_000362_000315,05899_Skirt_000362_000225,05899_Skirt_000362_000275,"Fold the waistband of the skirt in half, from top left to bottom right."
5506,05535_Skirt_000337_000110,05535_Skirt_000337_000140,05535_Skirt_000337_000115,05535_Skirt_000337_000155,"Fold the skirt in half horizontally, top to bottom."
5508,05677_Skirt_000348_000120,05677_Skirt_000348_000190,05677_Skirt_000348_000115,05677_Skirt_000348_000160,"Fold the skirt, making a crease from the top to the bottom."
5509,01066_Skirt_000084_000125,01066_Skirt_000084_000195,01066_Skirt_000084_000120,01066_Skirt_000084_000160,"Bend the skirt in half, from top to left."
5510,06754_Skirt_000412_000145,06754_Skirt_000412_000190,06754_Skirt_000412_000155,06754_Skirt_000412_000205,"Fold the waistband of the skirt in half, from top left to bottom right."
5511,03108_Skirt_000200_000105,03108_Skirt_000200_000170,03108_Skirt_000200_000100,03108_Skirt_000200_000145,"Fold the skirt neatly, from the top side to the bottom side."
5514,04128_Skirt_000250_000170,04128_Skirt_000250_000210,04128_Skirt_000250_000165,04128_Skirt_000250_000235,"Crease the skirt down the middle, from top to bottom."
5517,06163_Skirt_000383_000160,06163_Skirt_000383_000205,06163_Skirt_000383_000165,06163_Skirt_000383_000225,"Fold the waistband of the skirt in half, from top left to bottom right."
5519,05148_Skirt_000312_000115,05148_Skirt_000312_000180,05148_Skirt_000312_000110,05148_Skirt_000312_000155,Bring the bottom right side of the skirt towards the left side and fold them in half.
5525,01141_Skirt_000091_000125,01141_Skirt_000091_000195,01141_Skirt_000091_000125,01141_Skirt_000091_000175,Fold the skirt from the top side towards the bottom side.
5526,07615_Skirt_000459_000160,07615_Skirt_000459_000245,07615_Skirt_000459_000165,07615_Skirt_000459_000220,"Fold the skirt, making a crease from the top to the bottom."
5527,01922_Skirt_000135_000140,01922_Skirt_000135_000200,01922_Skirt_000135_000140,01922_Skirt_000135_000210,"Fold the skirt in half, bottom left to bottom right."
5528,05226_Skirt_000319_000170,05226_Skirt_000319_000210,05226_Skirt_000319_000175,05226_Skirt_000319_000235,"Make a fold in the skirt, starting from the top and ending at the bottom."
5530,02147_Skirt_000148_000200,02147_Skirt_000148_000255,02147_Skirt_000148_000210,02147_Skirt_000148_000290,"Fold the skirt in half, starting from the top right and ending at the bottom left."
5531,05910_Skirt_000365_000135,05910_Skirt_000365_000250,05910_Skirt_000365_000175,05910_Skirt_000365_000225,"Bend the skirt in half, from top to bottom."
5534,07499_Skirt_000453_000125,07499_Skirt_000453_000170,07499_Skirt_000453_000125,07499_Skirt_000453_000180,"Fold the skirt in half, aligning the top right and bottom right sides."
5543,05875_Skirt_000359_000235,05875_Skirt_000359_000270,05875_Skirt_000359_000230,05875_Skirt_000359_000265,Straighten out the right part of the skirt.
5544,06217_Skirt_000390_000135,06217_Skirt_000390_000175,06217_Skirt_000390_000135,06217_Skirt_000390_000190,"Create a fold in the skirt, going from top to bottom."
5545,00325_Skirt_000026_000125,00325_Skirt_000026_000195,00325_Skirt_000026_000125,00325_Skirt_000026_000175,"Crease the skirt down the middle, from top to bottom."
5547,00564_Skirt_000044_000170,00564_Skirt_000044_000210,00564_Skirt_000044_000170,00564_Skirt_000044_000235,"Fold the waistband of the skirt in half, from top right to bottom right."
5551,03014_Skirt_000195_000120,03014_Skirt_000195_000175,03014_Skirt_000195_000115,03014_Skirt_000195_000150,Fold the skirt from the top side towards the bottom side.
5553,03685_Skirt_000231_000150,03685_Skirt_000231_000200,03685_Skirt_000231_000155,03685_Skirt_000231_000200,"Fold the skirt neatly, from the bottom left side to the right side."
5556,01409_Skirt_000111_000235,01409_Skirt_000111_000310,01409_Skirt_000111_000230,01409_Skirt_000111_000275,"Fold the skirt in half, top to bottom."
5562,01162_Skirt_000093_000145,01162_Skirt_000093_000250,01162_Skirt_000093_000135,01162_Skirt_000093_000190,"Fold the skirt in half, with the top left side overlapping the bottom."
5563,01574_Skirt_000121_000135,01574_Skirt_000121_000180,,,"Fold the skirt, orientating from the top right towards the bottom right only using the left arm."
5564,05700_Skirt_000350_000300,05700_Skirt_000350_000410,05700_Skirt_000350_000325,05700_Skirt_000350_000355,"Fold the skirt in half, with the top left side overlapping the bottom."
5566,00432_Skirt_000033_000165,00432_Skirt_000033_000210,00432_Skirt_000033_000175,00432_Skirt_000033_000215,Place the left part of the skirt in the correct position.
5567,04372_Skirt_000265_000155,04372_Skirt_000265_000195,04372_Skirt_000265_000145,04372_Skirt_000265_000200,"Fold the skirt cleanly, from the top side to the bottom side."
5569,06680_Skirt_000409_000150,06680_Skirt_000409_000195,06680_Skirt_000409_000155,06680_Skirt_000409_000210,"Fold the skirt in half, with the top side overlapping the bottom."
5570,06286_Skirt_000395_000110,06286_Skirt_000395_000185,06286_Skirt_000395_000110,06286_Skirt_000395_000150,Bring the top left side of the skirt towards the bottom left side and fold them in half.
5572,01074_Skirt_000085_000115,01074_Skirt_000085_000175,01074_Skirt_000085_000110,01074_Skirt_000085_000160,"Fold the skirt, orientating from the top towards the bottom."
5573,04707_Skirt_000281_000145,04707_Skirt_000281_000210,04707_Skirt_000281_000150,04707_Skirt_000281_000190,"Fold the waistband of the skirt in half, from top to bottom."
5576,05149_Skirt_000313_000100,05149_Skirt_000313_000170,05149_Skirt_000313_000100,05149_Skirt_000313_000140,"Bend the skirt in half, from top to bottom."
5580,00197_Skirt_000012_000115,00197_Skirt_000012_000235,00197_Skirt_000012_000180,00197_Skirt_000012_000245,"Fold the waistband of the skirt in half, from left to right."
5581,05496_Skirt_000336_000130,05496_Skirt_000336_000170,05496_Skirt_000336_000135,05496_Skirt_000336_000170,"Crease the skirt down the middle, from top left to bottom right."
5582,07053_Skirt_000432_000120,07053_Skirt_000432_000190,07053_Skirt_000432_000110,07053_Skirt_000432_000165,"Fold the skirt, making a crease from the top to the bottom."
5583,04869_Skirt_000288_000110,04869_Skirt_000288_000195,04869_Skirt_000288_000105,04869_Skirt_000288_000145,"Fold the skirt, ensuring the top left side meets the bottom side."
5584,05736_Skirt_000352_000155,05736_Skirt_000352_000200,05736_Skirt_000352_000155,05736_Skirt_000352_000210,"Fold the skirt, ensuring the top left side meets the bottom right side."
5588,06624_Skirt_000404_000150,06624_Skirt_000404_000195,06624_Skirt_000404_000160,06624_Skirt_000404_000205,"Crease the skirt down the middle, from top to bottom."
5589,05906_Skirt_000364_000140,05906_Skirt_000364_000185,05906_Skirt_000364_000135,05906_Skirt_000364_000180,"Fold the waistband of the skirt in half, from right to left."
5590,02868_Skirt_000187_000125,02868_Skirt_000187_000195,02868_Skirt_000187_000135,02868_Skirt_000187_000165,"Bend the skirt in half, from top left to bottom left."
5591,05119_Skirt_000308_000140,05119_Skirt_000308_000165,,,Fold the bottom left part of the skirt neatly only using the left arm.
5592,06075_Skirt_000379_000160,06075_Skirt_000379_000200,06075_Skirt_000379_000160,06075_Skirt_000379_000220,"Fold the skirt, orientating from the top towards the bottom."
5593,04973_Skirt_000297_000125,04973_Skirt_000297_000165,04973_Skirt_000297_000125,04973_Skirt_000297_000180,"Create a fold in the skirt, going from top to bottom."
5594,03282_Skirt_000208_000115,03282_Skirt_000208_000165,03282_Skirt_000208_000110,03282_Skirt_000208_000155,"Fold the waistband of the skirt in half, from right to left."
5596,06073_Skirt_000378_000185,06073_Skirt_000378_000240,06073_Skirt_000378_000190,06073_Skirt_000378_000250,"Fold the skirt in half, top to bottom."
5597,00173_Skirt_000010_000160,00173_Skirt_000010_000210,00173_Skirt_000010_000150,00173_Skirt_000010_000205,"Fold the skirt, ensuring the top side meets the bottom side."
5600,01580_Skirt_000123_000150,01580_Skirt_000123_000210,01580_Skirt_000123_000165,01580_Skirt_000123_000230,"Fold the skirt cleanly, from the top side to the bottom side."
5603,00881_Skirt_000071_000125,00881_Skirt_000071_000195,00881_Skirt_000071_000110,00881_Skirt_000071_000160,"Fold the skirt, making sure the top side touches the bottom side."
5604,05245_Skirt_000320_000130,05245_Skirt_000320_000180,05245_Skirt_000320_000150,05245_Skirt_000320_000245,"Bend the skirt in half, from top to bottom."
5605,03398_Skirt_000217_000105,03398_Skirt_000217_000160,03398_Skirt_000217_000100,03398_Skirt_000217_000135,Bring the top side of the skirt towards the bottom side and fold them in half.
5607,07149_Skirt_000436_000110,07149_Skirt_000436_000175,07149_Skirt_000436_000100,07149_Skirt_000436_000145,"Crease the skirt down the middle, from top to bottom."
5608,03772_Skirt_000234_000110,03772_Skirt_000234_000160,03772_Skirt_000234_000120,03772_Skirt_000234_000170,"Fold the skirt in half, starting from the top right and ending at the bottom right."
5616,04847_Skirt_000287_000165,04847_Skirt_000287_000215,04847_Skirt_000287_000170,04847_Skirt_000287_000200,Align the right part of the skirt properly.
5618,07191_Skirt_000438_000165,07191_Skirt_000438_000235,07191_Skirt_000438_000165,07191_Skirt_000438_000205,"Fold the skirt in half, starting from the top and ending at the bottom."
5619,03470_Skirt_000219_000120,03470_Skirt_000219_000155,03470_Skirt_000219_000125,03470_Skirt_000219_000175,"Fold the skirt, making a crease from the top to the bottom."
5621,00236_Skirt_000016_000115,00236_Skirt_000016_000180,,,Arrange the top left part of the skirt neatly only using the left arm.
5623,03341_Skirt_000212_000145,03341_Skirt_000212_000200,03341_Skirt_000212_000150,03341_Skirt_000212_000205,"Fold the skirt, making a crease from the top left to the bottom right."
5624,05823_Skirt_000355_000220,05823_Skirt_000355_000265,05823_Skirt_000355_000220,05823_Skirt_000355_000280,"Fold the skirt, making a crease from the top right to the bottom right."
5625,00279_Skirt_000024_000160,00279_Skirt_000024_000200,00279_Skirt_000024_000160,00279_Skirt_000024_000215,"Fold the skirt neatly, from the top right side to the bottom right side."
5628,03524_Skirt_000223_000135,03524_Skirt_000223_000170,03524_Skirt_000223_000135,03524_Skirt_000223_000190,"Fold the skirt in half, starting from the top and ending at the bottom."
5629,03032_Skirt_000197_000135,03032_Skirt_000197_000180,03032_Skirt_000197_000140,03032_Skirt_000197_000190,"Fold the waistband of the skirt in half, from top to bottom."
5631,01340_Skirt_000105_000115,01340_Skirt_000105_000180,01340_Skirt_000105_000115,01340_Skirt_000105_000150,"Fold the skirt cleanly, from the top side to the bottom side."
5633,03545_Skirt_000225_000150,03545_Skirt_000225_000200,03545_Skirt_000225_000150,03545_Skirt_000225_000200,Fold the skirt from the top right side towards the bottom right side.
5635,07655_Skirt_000460_000135,07655_Skirt_000460_000170,07655_Skirt_000460_000145,07655_Skirt_000460_000190,Bring the top left side of the skirt towards the right side and fold them in half.
5636,05565_Skirt_000339_000140,05565_Skirt_000339_000175,05565_Skirt_000339_000135,05565_Skirt_000339_000195,"Fold the skirt in half, starting from the top and ending at the bottom."
5638,00745_Skirt_000062_000140,00745_Skirt_000062_000200,00745_Skirt_000062_000145,00745_Skirt_000062_000220,"Fold the skirt in half, aligning the top and right sides."
5643,00784_Skirt_000066_000170,00784_Skirt_000066_000215,00784_Skirt_000066_000165,00784_Skirt_000066_000225,"Fold the skirt in half horizontally, top to bottom."
5646,01576_Skirt_000122_000120,01576_Skirt_000122_000190,01576_Skirt_000122_000120,01576_Skirt_000122_000165,"Fold the skirt in half horizontally, top to bottom."
5647,03211_Skirt_000203_000120,03211_Skirt_000203_000170,03211_Skirt_000203_000115,03211_Skirt_000203_000150,"Fold the skirt in half horizontally, right to left."
5649,06165_Skirt_000384_000125,06165_Skirt_000384_000190,06165_Skirt_000384_000115,06165_Skirt_000384_000160,"Fold the skirt, making sure the right side touches the left side."
5650,01010_Skirt_000080_000165,01010_Skirt_000080_000195,01010_Skirt_000080_000165,01010_Skirt_000080_000225,"Fold the skirt, orientating from the top towards the bottom."
5654,05693_Skirt_000349_000220,05693_Skirt_000349_000275,05693_Skirt_000349_000205,05693_Skirt_000349_000300,"Fold the skirt, making a crease from the top to the bottom."
5656,07513_Skirt_000454_000165,07513_Skirt_000454_000205,07513_Skirt_000454_000170,07513_Skirt_000454_000225,"Crease the skirt down the middle, from top to bottom."
5658,01154_Skirt_000092_000105,01154_Skirt_000092_000165,01154_Skirt_000092_000100,01154_Skirt_000092_000140,"Fold the skirt in half, aligning the top and bottom sides."
5660,01939_Skirt_000137_000125,01939_Skirt_000137_000175,,,"Fold the waistband of the skirt in half, from top left to bottom right only using the left arm."
5662,03060_Skirt_000198_000155,03060_Skirt_000198_000200,03060_Skirt_000198_000150,03060_Skirt_000198_000205,"Fold the waistband of the skirt in half, from top to bottom."
5665,05782_Skirt_000354_000170,05782_Skirt_000354_000230,05782_Skirt_000354_000165,05782_Skirt_000354_000245,Fold the skirt from the top right side towards the bottom right side.
5666,05713_Skirt_000351_000160,05713_Skirt_000351_000260,05713_Skirt_000351_000160,05713_Skirt_000351_000210,"Crease the skirt down the middle, from top to bottom."
5670,00525_Skirt_000039_000140,00525_Skirt_000039_000190,00525_Skirt_000039_000140,00525_Skirt_000039_000210,"Fold the skirt, bringing the top side to meet the bottom side."
5671,00651_Skirt_000053_000165,00651_Skirt_000053_000210,00651_Skirt_000053_000155,00651_Skirt_000053_000235,Bring the top side of the skirt towards the bottom side and fold them in half.
5673,01341_Skirt_000106_000125,01341_Skirt_000106_000205,01341_Skirt_000106_000120,01341_Skirt_000106_000170,"Bend the skirt in half, from bottom right to left."
5677,05220_Skirt_000317_000115,05220_Skirt_000317_000185,05220_Skirt_000317_000115,05220_Skirt_000317_000155,"Fold the skirt in half, starting from the top and ending at the bottom."
5679,03884_Skirt_000239_000115,03884_Skirt_000239_000165,03884_Skirt_000239_000120,03884_Skirt_000239_000170,"Fold the waistband of the skirt in half, from left to right."
5686,07284_Skirt_000441_000125,07284_Skirt_000441_000190,07284_Skirt_000441_000120,07284_Skirt_000441_000165,"Fold the skirt, making sure the right side touches the left side."
5691,03322_Skirt_000211_000135,03322_Skirt_000211_000215,03322_Skirt_000211_000130,03322_Skirt_000211_000180,"Fold the skirt, making sure the bottom right side touches the left side."
5692,00064_Skirt_000004_000145,00064_Skirt_000004_000220,00064_Skirt_000004_000145,00064_Skirt_000004_000195,Bring the top side of the skirt towards the bottom side and fold them in half.
5693,01754_Skirt_000128_000180,01754_Skirt_000128_000255,01754_Skirt_000128_000180,01754_Skirt_000128_000220,"Fold the skirt in half, starting from the top and ending at the bottom."
5695,03976_Skirt_000244_000100,03976_Skirt_000244_000190,03976_Skirt_000244_000140,03976_Skirt_000244_000215,"Fold the skirt in half, starting from the left and ending at the right."
5696,06196_Skirt_000387_000125,06196_Skirt_000387_000195,06196_Skirt_000387_000120,06196_Skirt_000387_000165,"Fold the skirt in half, bottom right to left."
5698,04510_Skirt_000271_000145,04510_Skirt_000271_000205,04510_Skirt_000271_000125,04510_Skirt_000271_000180,"Fold the skirt, ensuring the bottom right side meets the bottom left side."
5701,04397_Skirt_000266_000160,04397_Skirt_000266_000200,04397_Skirt_000266_000165,04397_Skirt_000266_000230,"Fold the skirt, making a crease from the top right to the bottom."
5709,07048_Skirt_000431_000140,07048_Skirt_000431_000205,07048_Skirt_000431_000130,07048_Skirt_000431_000180,"Fold the skirt in half, top right to bottom left."
5713,02633_Skirt_000171_000110,02633_Skirt_000171_000155,02633_Skirt_000171_000110,02633_Skirt_000171_000145,"Fold the skirt in half, aligning the top right and right sides."
5714,04129_Skirt_000251_000125,04129_Skirt_000251_000195,04129_Skirt_000251_000120,04129_Skirt_000251_000170,"Fold the skirt, making sure the top side touches the bottom side."
5715,00648_Skirt_000052_000125,00648_Skirt_000052_000195,00648_Skirt_000052_000120,00648_Skirt_000052_000170,"Fold the skirt, ensuring the top side meets the bottom side."
5716,01682_Skirt_000126_000115,01682_Skirt_000126_000180,01682_Skirt_000126_000115,01682_Skirt_000126_000160,"Fold the waistband of the skirt in half, from top left to bottom."
5718,07516_Skirt_000455_000130,07516_Skirt_000455_000195,07516_Skirt_000455_000125,07516_Skirt_000455_000170,"Fold the skirt, orientating from the top right towards the bottom left."
5719,06843_Skirt_000419_000160,06843_Skirt_000419_000225,06843_Skirt_000419_000155,06843_Skirt_000419_000200,"Fold the waistband of the skirt in half, from top to bottom."
5720,02648_Skirt_000172_000125,02648_Skirt_000172_000170,02648_Skirt_000172_000130,02648_Skirt_000172_000195,"Fold the skirt, making sure the top side touches the bottom side."
5722,05459_Skirt_000333_000105,05459_Skirt_000333_000140,05459_Skirt_000333_000115,05459_Skirt_000333_000160,"Fold the skirt, bringing the top side to meet the bottom side."
5723,04043_Skirt_000247_000130,04043_Skirt_000247_000195,04043_Skirt_000247_000130,04043_Skirt_000247_000170,"Fold the waistband of the skirt in half, from right to left."
5724,04206_Skirt_000260_000130,04206_Skirt_000260_000180,04206_Skirt_000260_000135,04206_Skirt_000260_000180,"Fold the skirt in half, aligning the right and left sides."
5727,00998_Skirt_000077_000110,00998_Skirt_000077_000160,00998_Skirt_000077_000105,00998_Skirt_000077_000145,"Fold the skirt, top side over bottom side."
5730,02230_Skirt_000150_000130,02230_Skirt_000150_000185,02230_Skirt_000150_000135,02230_Skirt_000150_000185,"Fold the skirt, orientating from the top towards the bottom."
5734,06647_Skirt_000408_000145,06647_Skirt_000408_000220,06647_Skirt_000408_000145,06647_Skirt_000408_000195,"Fold the skirt, making a crease from the top to the bottom."
5736,00260_Skirt_000019_000115,00260_Skirt_000019_000165,00260_Skirt_000019_000105,00260_Skirt_000019_000150,"Fold the skirt, ensuring the top side meets the bottom side."
5738,01223_Skirt_000097_000115,01223_Skirt_000097_000195,01223_Skirt_000097_000110,01223_Skirt_000097_000160,"Fold the skirt neatly, from the top side to the bottom side."
5739,04975_Skirt_000301_000120,04975_Skirt_000301_000180,04975_Skirt_000301_000115,04975_Skirt_000301_000155,Fold the skirt from the top side towards the bottom side.
5744,01943_Skirt_000138_000130,01943_Skirt_000138_000160,01943_Skirt_000138_000130,01943_Skirt_000138_000160,"Fold the skirt, making sure the right side touches the left side."
5745,07383_Skirt_000448_000115,07383_Skirt_000448_000180,07383_Skirt_000448_000120,07383_Skirt_000448_000150,"Fold the skirt cleanly, from the top side to the bottom side."
5747,03471_Skirt_000220_000250,03471_Skirt_000220_000290,03471_Skirt_000220_000250,03471_Skirt_000220_000365,"Fold the skirt in half, aligning the top left and bottom left sides."
5749,,,07282_Skirt_000440_000185,07282_Skirt_000440_000215,Place the bottom right part of the skirt in the correct position only using the right arm.
5750,02113_Skirt_000145_000130,02113_Skirt_000145_000175,02113_Skirt_000145_000135,02113_Skirt_000145_000195,"Make a fold in the skirt, starting from the top and ending at the bottom."
5751,00718_Skirt_000059_000170,00718_Skirt_000059_000200,00718_Skirt_000059_000170,00718_Skirt_000059_000220,"Fold the skirt, making a crease from the top left to the right."
5752,00628_Skirt_000049_000135,00628_Skirt_000049_000190,00628_Skirt_000049_000115,00628_Skirt_000049_000165,"Fold the skirt, bringing the top side to meet the bottom side."
5753,04973_Skirt_000299_000145,04973_Skirt_000299_000180,04973_Skirt_000299_000140,04973_Skirt_000299_000170,"Fold the skirt, top side over bottom side."
5755,00228_Skirt_000015_000130,00228_Skirt_000015_000165,00228_Skirt_000015_000135,00228_Skirt_000015_000185,"Fold the skirt, making a crease from the top to the bottom."
5757,06630_Skirt_000405_000140,06630_Skirt_000405_000190,06630_Skirt_000405_000145,06630_Skirt_000405_000205,"Crease the skirt down the middle, from top left to bottom."
5759,00482_Skirt_000037_000155,00482_Skirt_000037_000205,00482_Skirt_000037_000155,00482_Skirt_000037_000230,"Fold the skirt, orientating from the top left towards the bottom right."
5763,01204_Skirt_000095_000125,01204_Skirt_000095_000190,01204_Skirt_000095_000120,01204_Skirt_000095_000170,"Fold the skirt in half, with the top side overlapping the bottom."
5766,01995_Skirt_000140_000125,01995_Skirt_000140_000170,01995_Skirt_000140_000125,01995_Skirt_000140_000175,"Bend the skirt in half, from bottom left to bottom right."
5769,00198_Skirt_000013_000140,00198_Skirt_000013_000200,00198_Skirt_000013_000135,00198_Skirt_000013_000175,"Crease the skirt down the middle, from top to bottom."
5770,,,06445_Skirt_000401_000115,06445_Skirt_000401_000160,"Fold the skirt in half, aligning the bottom right and bottom left sides only using the right arm."
5775,05542_Skirt_000338_000120,05542_Skirt_000338_000150,05542_Skirt_000338_000120,05542_Skirt_000338_000170,"Fold the skirt in half, aligning the top and bottom sides."
5781,02443_Skirt_000162_000130,02443_Skirt_000162_000165,02443_Skirt_000162_000130,02443_Skirt_000162_000180,"Make a fold in the skirt, starting from the top and ending at the bottom."
5782,02672_Skirt_000176_000125,02672_Skirt_000176_000165,02672_Skirt_000176_000120,02672_Skirt_000176_000180,Fold the skirt from the top side towards the bottom side.
5783,07456_Skirt_000452_000135,07456_Skirt_000452_000205,07456_Skirt_000452_000130,07456_Skirt_000452_000175,"Fold the skirt, making a crease from the top to the bottom."
5788,00546_Skirt_000041_000125,00546_Skirt_000041_000185,00546_Skirt_000041_000120,00546_Skirt_000041_000165,"Fold the skirt in half, with the top side overlapping the bottom."
5795,01063_Skirt_000083_000140,01063_Skirt_000083_000200,01063_Skirt_000083_000120,01063_Skirt_000083_000175,"Fold the skirt in half horizontally, top to bottom."
5803,04900_Skirt_000290_000140,04900_Skirt_000290_000205,04900_Skirt_000290_000155,04900_Skirt_000290_000220,"Crease the skirt down the middle, from top to bottom."
5807,06817_Skirt_000417_000115,06817_Skirt_000417_000200,06817_Skirt_000417_000100,06817_Skirt_000417_000160,"Fold the skirt, making sure the top side touches the bottom side."
5809,06248_Skirt_000393_000140,06248_Skirt_000393_000195,06248_Skirt_000393_000185,06248_Skirt_000393_000210,"Fold the skirt, ensuring the top side meets the bottom side."
5810,07358_Skirt_000445_000135,07358_Skirt_000445_000200,07358_Skirt_000445_000130,07358_Skirt_000445_000175,"Fold the skirt, bringing the top side to meet the bottom side."
5815,03709_Skirt_000232_000125,03709_Skirt_000232_000185,03709_Skirt_000232_000125,03709_Skirt_000232_000170,Fold the skirt from the top side towards the bottom side.
5818,02059_Skirt_000143_000120,02059_Skirt_000143_000170,02059_Skirt_000143_000135,02059_Skirt_000143_000180,"Fold the skirt in half, top to bottom."
5821,03224_Skirt_000204_000165,03224_Skirt_000204_000220,03224_Skirt_000204_000135,03224_Skirt_000204_000250,Place the left part of the skirt in the correct position.
5824,02871_Skirt_000188_000125,02871_Skirt_000188_000195,02871_Skirt_000188_000125,02871_Skirt_000188_000170,"Crease the skirt down the middle, from top to bottom."
5827,05896_Skirt_000361_000125,05896_Skirt_000361_000200,05896_Skirt_000361_000120,05896_Skirt_000361_000170,"Fold the skirt, bringing the top side to meet the bottom side."
5831,00448_Skirt_000035_000165,00448_Skirt_000035_000275,00448_Skirt_000035_000235,00448_Skirt_000035_000330,"Fold the skirt in half horizontally, top right to bottom."
5834,06931_Skirt_000427_000120,06931_Skirt_000427_000175,06931_Skirt_000427_000125,06931_Skirt_000427_000200,"Fold the skirt in half, with the top side overlapping the bottom."
5836,05301_Skirt_000325_000110,05301_Skirt_000325_000170,05301_Skirt_000325_000110,05301_Skirt_000325_000145,"Fold the skirt in half horizontally, bottom right to left."
5839,02585_Skirt_000167_000115,02585_Skirt_000167_000175,02585_Skirt_000167_000105,02585_Skirt_000167_000155,"Make a fold in the skirt, starting from the top and ending at the bottom."
5840,04612_Skirt_000277_000160,04612_Skirt_000277_000280,04612_Skirt_000277_000160,04612_Skirt_000277_000190,"Make a fold in the skirt, starting from the top and ending at the bottom."
5842,05095_Skirt_000306_000125,05095_Skirt_000306_000180,05095_Skirt_000306_000120,05095_Skirt_000306_000165,"Fold the skirt cleanly, from the right side to the left side."
5843,04960_Skirt_000294_000130,04960_Skirt_000294_000175,04960_Skirt_000294_000130,04960_Skirt_000294_000185,"Fold the skirt, bringing the top left side to meet the bottom right side."
5848,01249_Skirt_000100_000160,01249_Skirt_000100_000205,01249_Skirt_000100_000170,01249_Skirt_000100_000240,"Fold the waistband of the skirt in half, from top left to bottom left."
5853,01394_Skirt_000110_000155,01394_Skirt_000110_000240,01394_Skirt_000110_000155,01394_Skirt_000110_000210,"Create a fold in the skirt, going from top to bottom."
5854,03390_Skirt_000215_000150,03390_Skirt_000215_000175,03390_Skirt_000215_000145,03390_Skirt_000215_000215,"Fold the waistband of the skirt in half, from top to bottom."
5858,02161_Skirt_000149_000125,02161_Skirt_000149_000165,02161_Skirt_000149_000125,02161_Skirt_000149_000180,Fold the skirt from the top side towards the bottom side.
5859,00708_Skirt_000057_000145,00708_Skirt_000057_000195,00708_Skirt_000057_000145,00708_Skirt_000057_000205,"Bend the skirt in half, from top left to bottom right."
5861,05440_Skirt_000331_000115,05440_Skirt_000331_000185,05440_Skirt_000331_000110,05440_Skirt_000331_000155,"Create a fold in the skirt, going from bottom right to left."
5864,01303_Skirt_000102_000115,01303_Skirt_000102_000185,01303_Skirt_000102_000105,01303_Skirt_000102_000155,"Fold the waistband of the skirt in half, from top to bottom."
5865,04196_Skirt_000257_000130,04196_Skirt_000257_000180,04196_Skirt_000257_000140,04196_Skirt_000257_000195,"Fold the skirt, left side over right side."
5870,03831_Skirt_000237_000185,03831_Skirt_000237_000250,03831_Skirt_000237_000180,03831_Skirt_000237_000220,"Fold the skirt in half, with the top side overlapping the bottom."
5871,06725_Skirt_000410_000155,06725_Skirt_000410_000225,06725_Skirt_000410_000150,06725_Skirt_000410_000195,"Bend the skirt in half, from top to bottom."
5872,03912_Skirt_000240_000110,03912_Skirt_000240_000180,03912_Skirt_000240_000110,03912_Skirt_000240_000150,"Fold the skirt, ensuring the top side meets the bottom side."
5873,07367_Skirt_000447_000175,07367_Skirt_000447_000225,07367_Skirt_000447_000225,07367_Skirt_000447_000280,"Fold the skirt in half, top to bottom."
5874,01333_Skirt_000104_000125,01333_Skirt_000104_000200,01333_Skirt_000104_000125,01333_Skirt_000104_000165,"Make a fold in the skirt, starting from the top and ending at the bottom."
5876,03011_Skirt_000194_000110,03011_Skirt_000194_000150,03011_Skirt_000194_000115,03011_Skirt_000194_000155,"Bend the skirt in half, from top to bottom."
5877,06634_Skirt_000407_000155,06634_Skirt_000407_000195,06634_Skirt_000407_000150,06634_Skirt_000407_000230,"Fold the skirt cleanly, from the top left side to the bottom side."
5878,04489_Skirt_000267_000130,04489_Skirt_000267_000165,04489_Skirt_000267_000130,04489_Skirt_000267_000190,"Fold the skirt neatly, from the top side to the bottom side."
5880,01779_Skirt_000131_000135,01779_Skirt_000131_000200,01779_Skirt_000131_000150,01779_Skirt_000131_000215,"Fold the skirt, making a crease from the top right to the bottom right."
5884,02065_Skirt_000144_000195,02065_Skirt_000144_000280,02065_Skirt_000144_000205,02065_Skirt_000144_000250,"Fold the skirt, bringing the bottom right side to meet the left side."
5885,05744_Skirt_000353_000195,05744_Skirt_000353_000245,05744_Skirt_000353_000190,05744_Skirt_000353_000275,"Fold the skirt in half, starting from the top left and ending at the bottom left."
5890,03368_Skirt_000214_000120,03368_Skirt_000214_000160,03368_Skirt_000214_000125,03368_Skirt_000214_000185,"Fold the skirt in half, aligning the top and bottom sides."
5891,01508_Skirt_000119_000160,01508_Skirt_000119_000195,01508_Skirt_000119_000150,01508_Skirt_000119_000180,Straighten out the right part of the skirt.
5892,06200_Skirt_000388_000140,06200_Skirt_000388_000205,06200_Skirt_000388_000140,06200_Skirt_000388_000180,"Crease the skirt down the middle, from right to left."
5893,00087_Skirt_000007_000160,00087_Skirt_000007_000205,00087_Skirt_000007_000160,00087_Skirt_000007_000220,"Fold the skirt, bringing the top side to meet the bottom side."
5895,06312_Skirt_000396_000140,06312_Skirt_000396_000210,06312_Skirt_000396_000135,06312_Skirt_000396_000180,Fold the skirt from the top side towards the bottom side.
5896,07673_Skirt_000462_000205,07673_Skirt_000462_000265,07673_Skirt_000462_000185,07673_Skirt_000462_000235,"Fold the skirt in half, with the top side overlapping the bottom."
5897,04266_Skirt_000262_000125,04266_Skirt_000262_000175,04266_Skirt_000262_000130,04266_Skirt_000262_000170,"Fold the skirt in half, with the top side overlapping the bottom."
