Unnamed: 0.1,left_start_idx,left_end_idx,right_start_idx,right_end_idx,text
1980,00976_Top_000115_000350,00976_Top_000115_000565,00976_Top_000115_000490,00976_Top_000115_000550,Bring the bottom side of the top towards the top side and fold them in half.
1983,05623_Top_000666_000120,05623_Top_000666_000165,05623_Top_000666_000135,05623_Top_000666_000170,Bring the bottom side of the top towards the top side and fold them in half.
1985,06869_Top_000823_000185,06869_Top_000823_000215,,,Straighten out the bottom right part of the top only using the left arm.
1987,00906_Top_000109_000220,00906_Top_000109_000270,00906_Top_000109_000210,00906_Top_000109_000265,"Fold the top in half, starting from the bottom right and ending at the top."
1990,02491_Top_000288_000095,02491_Top_000288_000135,02491_Top_000288_000100,02491_Top_000288_000125,"Fold the top neatly, from the bottom side to the top side."
1992,01125_Top_000136_000165,01125_Top_000136_000205,01125_Top_000136_000160,01125_Top_000136_000215,"Fold the top in half horizontally, bottom right to top."
1993,01371_Top_000169_000120,01371_Top_000169_000185,01371_Top_000169_000115,01371_Top_000169_000170,"Fold the top, orientating from the bottom towards the top."
1995,04599_Top_000556_000110,04599_Top_000556_000155,04599_Top_000556_000110,04599_Top_000556_000150,"Crease the top down the middle, from bottom to top."
1996,06987_Top_000833_000135,06987_Top_000833_000185,06987_Top_000833_000135,06987_Top_000833_000180,"Fold the top in half, aligning the bottom and top sides."
1997,02233_Top_000260_000140,02233_Top_000260_000185,02233_Top_000260_000140,02233_Top_000260_000195,"Crease the top down the middle, from bottom right to top."
1999,04321_Top_000518_000145,04321_Top_000518_000195,04321_Top_000518_000150,04321_Top_000518_000190,"Bend the top in half, from left to right."
2001,03926_Top_000469_000160,03926_Top_000469_000195,03926_Top_000469_000155,03926_Top_000469_000195,"Fold the top in half, starting from the bottom and ending at the top."
2008,02810_Top_000334_000105,02810_Top_000334_000145,02810_Top_000334_000105,02810_Top_000334_000135,"Create a fold in the top, going from bottom to right."
2009,04480_Top_000537_000120,04480_Top_000537_000170,04480_Top_000537_000120,04480_Top_000537_000165,"Fold the top, bringing the bottom side to meet the top side."
2010,02018_Top_000237_000130,02018_Top_000237_000180,02018_Top_000237_000125,02018_Top_000237_000190,"Fold the top in half, aligning the bottom and top sides."
2011,05149_Top_000614_000115,05149_Top_000614_000170,05149_Top_000614_000115,05149_Top_000614_000155,"Bend the top in half, from bottom to top."
2014,05480_Top_000649_000115,05480_Top_000649_000160,05480_Top_000649_000115,05480_Top_000649_000155,"Fold the top in half, aligning the bottom and top sides."
2018,01055_Top_000128_000180,01055_Top_000128_000230,01055_Top_000128_000185,01055_Top_000128_000225,"Crease the top down the middle, from bottom left to bottom right."
2022,03759_Top_000447_000165,03759_Top_000447_000220,03759_Top_000447_000165,03759_Top_000447_000210,"Fold the top cleanly, from the left side to the right side."
2025,06621_Top_000791_000095,06621_Top_000791_000145,06621_Top_000791_000105,06621_Top_000791_000135,"Fold the top, orientating from the bottom towards the top."
2031,05621_Top_000665_000120,05621_Top_000665_000150,05621_Top_000665_000120,05621_Top_000665_000150,"Fold the top in half, with the bottom side overlapping the top."
2034,04111_Top_000487_000110,04111_Top_000487_000155,04111_Top_000487_000115,04111_Top_000487_000150,"Fold the top in half horizontally, bottom to right."
2042,04131_Top_000490_000155,04131_Top_000490_000195,04131_Top_000490_000160,04131_Top_000490_000200,"Fold the top, bringing the bottom side to meet the top side."
2043,01340_Top_000163_000130,01340_Top_000163_000180,,,Fold the top right part of the top neatly only using the left arm.
2045,01159_Top_000143_000150,01159_Top_000143_000200,01159_Top_000143_000160,01159_Top_000143_000210,"Fold the top, bringing the bottom side to meet the top side."
2047,06316_Top_000762_000105,06316_Top_000762_000130,06316_Top_000762_000100,06316_Top_000762_000130,"Fold the top, ensuring the bottom side meets the top side."
2048,01127_Top_000137_000230,01127_Top_000137_000275,01127_Top_000137_000170,01127_Top_000137_000275,"Fold the top, bringing the bottom left side to meet the bottom right side."
2050,06902_Top_000825_000110,06902_Top_000825_000155,06902_Top_000825_000110,06902_Top_000825_000140,Bring the left side of the top towards the right side and fold them in half.
2051,07419_Top_000873_000125,07419_Top_000873_000155,07419_Top_000873_000125,07419_Top_000873_000165,"Fold the waistband of the top in half, from bottom right to bottom left."
2052,03861_Top_000460_000110,03861_Top_000460_000155,03861_Top_000460_000110,03861_Top_000460_000150,"Create a fold in the top, going from top to bottom."
2055,00349_Top_000045_000120,00349_Top_000045_000155,00349_Top_000045_000120,00349_Top_000045_000150,"Fold the top, making sure the left side touches the right side."
2056,03902_Top_000466_000120,03902_Top_000466_000160,03902_Top_000466_000120,03902_Top_000466_000155,"Fold the top in half horizontally, bottom to top."
2062,00307_Top_000038_000215,00307_Top_000038_000275,00307_Top_000038_000210,00307_Top_000038_000250,"Crease the top down the middle, from right to left."
2065,04388_Top_000527_000120,04388_Top_000527_000170,04388_Top_000527_000125,04388_Top_000527_000170,"Fold the top in half, with the bottom side overlapping the top."
2071,06282_Top_000759_000130,06282_Top_000759_000170,06282_Top_000759_000125,06282_Top_000759_000160,"Fold the top in half, with the bottom left side overlapping the bottom right."
2073,04294_Top_000512_000150,04294_Top_000512_000230,04294_Top_000512_000180,04294_Top_000512_000210,"Fold the top, making sure the bottom left side touches the bottom right side."
2078,00096_Top_000008_000185,00096_Top_000008_000220,00096_Top_000008_000120,00096_Top_000008_000210,"Fold the top in half, starting from the bottom and ending at the top."
2080,07171_Top_000851_000100,07171_Top_000851_000140,07171_Top_000851_000095,07171_Top_000851_000125,"Fold the top in half, aligning the bottom and top sides."
2085,04691_Top_000566_000120,04691_Top_000566_000160,04691_Top_000566_000120,04691_Top_000566_000160,"Make a fold in the top, starting from the bottom and ending at the top."
2086,02155_Top_000250_000185,02155_Top_000250_000230,02155_Top_000250_000180,02155_Top_000250_000225,"Fold the top, ensuring the bottom side meets the top side."
2087,04359_Top_000524_000115,04359_Top_000524_000155,04359_Top_000524_000120,04359_Top_000524_000150,"Fold the top, making a crease from the bottom right to the top right."
2090,04586_Top_000554_000145,04586_Top_000554_000210,04586_Top_000554_000145,04586_Top_000554_000195,"Fold the top, bringing the bottom left side to meet the bottom right side."
2091,02181_Top_000252_000145,02181_Top_000252_000190,02181_Top_000252_000140,02181_Top_000252_000180,"Crease the top down the middle, from bottom to top."
2094,05597_Top_000662_000120,05597_Top_000662_000165,05597_Top_000662_000125,05597_Top_000662_000155,Bring the bottom side of the top towards the top side and fold them in half.
2096,06182_Top_000744_000120,06182_Top_000744_000165,06182_Top_000744_000125,06182_Top_000744_000165,"Bend the top in half, from bottom left to bottom right."
2097,02557_Top_000297_000110,02557_Top_000297_000150,02557_Top_000297_000105,02557_Top_000297_000140,"Fold the top, bottom side over right side."
2102,07103_Top_000841_000120,07103_Top_000841_000160,07103_Top_000841_000125,07103_Top_000841_000170,"Fold the top in half, with the bottom right side overlapping the top."
2106,03885_Top_000464_000130,03885_Top_000464_000175,03885_Top_000464_000125,03885_Top_000464_000175,"Fold the top in half horizontally, bottom to top."
2109,00802_Top_000096_000135,00802_Top_000096_000180,00802_Top_000096_000135,00802_Top_000096_000170,"Fold the top, bringing the bottom side to meet the top side."
2110,05229_Top_000622_000140,05229_Top_000622_000170,05229_Top_000622_000135,05229_Top_000622_000175,"Fold the top in half, starting from the bottom right and ending at the top."
2113,03056_Top_000366_000095,03056_Top_000366_000130,03056_Top_000366_000090,03056_Top_000366_000125,"Make a fold in the top, starting from the bottom and ending at the top."
2116,04320_Top_000517_000120,04320_Top_000517_000180,04320_Top_000517_000120,04320_Top_000517_000160,"Fold the top neatly, from the bottom left side to the bottom right side."
2117,02291_Top_000268_000140,02291_Top_000268_000190,02291_Top_000268_000145,02291_Top_000268_000195,"Make a fold in the top, starting from the bottom right and ending at the top."
2120,01011_Top_000122_000285,01011_Top_000122_000335,01011_Top_000122_000280,01011_Top_000122_000340,"Fold the top in half, with the bottom side overlapping the top."
2122,06580_Top_000782_000110,06580_Top_000782_000145,06580_Top_000782_000105,06580_Top_000782_000140,"Fold the top cleanly, from the bottom side to the right side."
2123,05903_Top_000702_000110,05903_Top_000702_000145,05903_Top_000702_000110,05903_Top_000702_000140,"Crease the top down the middle, from bottom to top."
2129,04364_Top_000525_000120,04364_Top_000525_000155,04364_Top_000525_000120,04364_Top_000525_000150,"Fold the top, making a crease from the bottom to the top."
2130,07174_Top_000852_000125,07174_Top_000852_000160,07174_Top_000852_000120,07174_Top_000852_000165,"Fold the top in half, aligning the bottom right and bottom left sides."
2131,03479_Top_000411_000155,03479_Top_000411_000215,03479_Top_000411_000160,03479_Top_000411_000220,"Fold the top in half, with the bottom side overlapping the top."
2133,04176_Top_000499_000135,04176_Top_000499_000195,04176_Top_000499_000140,04176_Top_000499_000180,"Crease the top down the middle, from bottom to top."
2136,05246_Top_000623_000130,05246_Top_000623_000185,05246_Top_000623_000140,05246_Top_000623_000190,"Fold the top, bottom right side over top side."
2138,03823_Top_000454_000160,03823_Top_000454_000210,03823_Top_000454_000150,03823_Top_000454_000205,"Crease the top down the middle, from bottom to top."
2139,03486_Top_000412_000180,03486_Top_000412_000240,03486_Top_000412_000180,03486_Top_000412_000225,"Fold the top in half, aligning the bottom left and bottom right sides."
2140,01244_Top_000153_000145,01244_Top_000153_000185,01244_Top_000153_000140,01244_Top_000153_000190,"Fold the top, bringing the bottom right side to meet the top side."
2142,06104_Top_000729_000110,06104_Top_000729_000145,06104_Top_000729_000105,06104_Top_000729_000140,Fold the top from the bottom side towards the top side.
2153,01427_Top_000180_000140,01427_Top_000180_000185,01427_Top_000180_000140,01427_Top_000180_000185,"Fold the top neatly, from the bottom side to the top side."
2157,05360_Top_000635_000130,05360_Top_000635_000175,05360_Top_000635_000130,05360_Top_000635_000170,Bring the left side of the top towards the right side and fold them in half.
2160,05896_Top_000701_000110,05896_Top_000701_000145,05896_Top_000701_000105,05896_Top_000701_000135,"Fold the top, orientating from the bottom towards the right."
2165,03288_Top_000390_000195,03288_Top_000390_000245,03288_Top_000390_000195,03288_Top_000390_000255,"Fold the waistband of the top in half, from bottom to top."
2168,02585_Top_000301_000105,02585_Top_000301_000150,02585_Top_000301_000095,02585_Top_000301_000135,"Fold the waistband of the top in half, from bottom to top."
2170,01897_Top_000227_000155,01897_Top_000227_000190,01897_Top_000227_000145,01897_Top_000227_000225,"Fold the top in half horizontally, right to left."
2171,02245_Top_000262_000145,02245_Top_000262_000195,02245_Top_000262_000135,02245_Top_000262_000190,"Fold the top, orientating from the bottom right towards the top."
2180,07426_Top_000875_000110,07426_Top_000875_000160,07426_Top_000875_000110,07426_Top_000875_000150,"Fold the top in half horizontally, bottom left to right."
2187,04076_Top_000481_000130,04076_Top_000481_000170,04076_Top_000481_000125,04076_Top_000481_000160,"Fold the top neatly, from the bottom side to the top side."
2188,02391_Top_000277_000115,02391_Top_000277_000145,02391_Top_000277_000105,02391_Top_000277_000145,"Fold the top in half, aligning the bottom right and left sides."
2190,03840_Top_000458_000120,03840_Top_000458_000155,03840_Top_000458_000115,03840_Top_000458_000150,"Fold the top, making a crease from the bottom to the top."
2191,05493_Top_000651_000125,05493_Top_000651_000165,05493_Top_000651_000120,05493_Top_000651_000165,"Fold the top, orientating from the bottom right towards the left."
2193,02022_Top_000238_000110,02022_Top_000238_000200,02022_Top_000238_000155,02022_Top_000238_000210,"Fold the top in half horizontally, bottom to top."
2195,06211_Top_000747_000180,06211_Top_000747_000215,06211_Top_000747_000175,06211_Top_000747_000215,"Fold the top in half horizontally, left to right."
2196,03503_Top_000414_000150,03503_Top_000414_000190,03503_Top_000414_000145,03503_Top_000414_000195,"Fold the top cleanly, from the bottom side to the top side."
2199,00525_Top_000065_000155,00525_Top_000065_000205,00525_Top_000065_000150,00525_Top_000065_000205,"Fold the waistband of the top in half, from bottom right to top."
2208,00707_Top_000085_000115,00707_Top_000085_000160,00707_Top_000085_000115,00707_Top_000085_000165,"Fold the top in half, bottom right to top left."
2210,06872_Top_000824_000120,06872_Top_000824_000160,06872_Top_000824_000115,06872_Top_000824_000155,"Fold the top, making a crease from the bottom right to the top left."
2213,,,00353_Top_000047_000100,00353_Top_000047_000145,"Fold the top, making sure the bottom right side touches the top right side only using the right arm."
2215,03061_Top_000367_000120,03061_Top_000367_000160,03061_Top_000367_000120,03061_Top_000367_000165,"Fold the top in half horizontally, bottom to top."
2221,05070_Top_000607_000115,05070_Top_000607_000175,,,"Fold the top, bringing the bottom right side to meet the bottom left side only using the left arm."
2223,00470_Top_000056_000115,00470_Top_000056_000150,00470_Top_000056_000120,00470_Top_000056_000160,"Fold the top in half, starting from the bottom and ending at the top."
2224,06518_Top_000779_000130,06518_Top_000779_000175,06518_Top_000779_000120,06518_Top_000779_000170,"Bend the top in half, from right to left."
2228,01242_Top_000152_000125,01242_Top_000152_000175,01242_Top_000152_000125,01242_Top_000152_000165,"Crease the top down the middle, from bottom to top."
2231,05074_Top_000608_000215,05074_Top_000608_000260,05074_Top_000608_000215,05074_Top_000608_000265,"Fold the top, ensuring the left side meets the right side."
2232,03322_Top_000392_000160,03322_Top_000392_000210,03322_Top_000392_000160,03322_Top_000392_000215,"Create a fold in the top, going from bottom to top."
2236,03435_Top_000408_000180,03435_Top_000408_000240,03435_Top_000408_000180,03435_Top_000408_000225,"Fold the top, making sure the bottom left side touches the bottom right side."
2237,05441_Top_000646_000125,05441_Top_000646_000180,05441_Top_000646_000130,05441_Top_000646_000165,"Bend the top in half, from bottom to top."
2238,07134_Top_000845_000145,07134_Top_000845_000180,07134_Top_000845_000140,07134_Top_000845_000185,"Fold the top, bottom right side over bottom left side."
2241,01173_Top_000146_000125,01173_Top_000146_000170,01173_Top_000146_000120,01173_Top_000146_000165,"Fold the top cleanly, from the bottom side to the top side."
2245,04843_Top_000576_000130,04843_Top_000576_000180,04843_Top_000576_000135,04843_Top_000576_000185,"Fold the top neatly, from the bottom right side to the top side."
2247,00114_Top_000009_000155,00114_Top_000009_000205,00114_Top_000009_000150,00114_Top_000009_000195,"Crease the top down the middle, from bottom to top."
2257,07282_Top_000863_000120,07282_Top_000863_000160,07282_Top_000863_000115,07282_Top_000863_000160,"Fold the top, bottom side over top side."
2258,07167_Top_000850_000130,07167_Top_000850_000175,07167_Top_000850_000120,07167_Top_000850_000160,"Fold the top cleanly, from the left side to the right side."
2260,05684_Top_000674_000100,05684_Top_000674_000165,05684_Top_000674_000100,05684_Top_000674_000140,"Fold the top in half, starting from the bottom right and ending at the top."
2262,01664_Top_000206_000120,01664_Top_000206_000165,01664_Top_000206_000110,01664_Top_000206_000160,"Fold the top, bottom side over top side."
2267,03835_Top_000457_000125,03835_Top_000457_000175,03835_Top_000457_000125,03835_Top_000457_000165,"Fold the top in half, with the bottom side overlapping the top."
2268,06412_Top_000770_000115,06412_Top_000770_000140,06412_Top_000770_000110,06412_Top_000770_000135,"Fold the top, left side over right side."
2270,00392_Top_000050_000130,00392_Top_000050_000165,00392_Top_000050_000130,00392_Top_000050_000160,"Fold the waistband of the top in half, from bottom to top."
2272,03519_Top_000417_000160,03519_Top_000417_000235,03519_Top_000417_000180,03519_Top_000417_000215,"Fold the waistband of the top in half, from left to right."
2277,06806_Top_000814_000100,06806_Top_000814_000140,06806_Top_000814_000105,06806_Top_000814_000140,"Fold the top in half, aligning the bottom and top sides."
2278,03614_Top_000428_000135,03614_Top_000428_000210,03614_Top_000428_000155,03614_Top_000428_000215,"Fold the top, making a crease from the right to the left."
2279,02530_Top_000293_000105,02530_Top_000293_000145,02530_Top_000293_000105,02530_Top_000293_000150,"Fold the top, bringing the bottom right side to meet the top side."
2280,03721_Top_000442_000125,03721_Top_000442_000175,03721_Top_000442_000125,03721_Top_000442_000165,"Fold the top in half, bottom to top."
2282,02056_Top_000243_000115,02056_Top_000243_000155,02056_Top_000243_000125,02056_Top_000243_000170,"Fold the top in half, starting from the left and ending at the right."
2284,03471_Top_000409_000165,03471_Top_000409_000220,03471_Top_000409_000140,03471_Top_000409_000215,"Fold the top in half horizontally, bottom right to top."
2286,00140_Top_000012_000135,00140_Top_000012_000190,00140_Top_000012_000135,00140_Top_000012_000180,"Fold the waistband of the top in half, from bottom right to top."
2289,03392_Top_000402_000160,03392_Top_000402_000290,03392_Top_000402_000215,03392_Top_000402_000270,"Fold the top in half, left to right."
2291,03617_Top_000429_000150,03617_Top_000429_000205,03617_Top_000429_000150,03617_Top_000429_000195,"Fold the top, left side over right side."
2292,02692_Top_000314_000115,02692_Top_000314_000155,02692_Top_000314_000110,02692_Top_000314_000145,"Fold the top in half, with the bottom right side overlapping the top."
2295,05834_Top_000691_000125,05834_Top_000691_000175,05834_Top_000691_000130,05834_Top_000691_000180,Fold the top from the bottom right side towards the top side.
2296,00176_Top_000017_000145,00176_Top_000017_000185,00176_Top_000017_000140,00176_Top_000017_000180,"Fold the top in half, aligning the bottom left and right sides."
2304,06434_Top_000771_000125,06434_Top_000771_000180,06434_Top_000771_000125,06434_Top_000771_000165,Fold the top from the bottom left side towards the bottom right side.
2305,04155_Top_000495_000125,04155_Top_000495_000160,04155_Top_000495_000120,04155_Top_000495_000160,"Fold the top in half horizontally, bottom right to top."
2309,07500_Top_000885_000105,07500_Top_000885_000150,07500_Top_000885_000105,07500_Top_000885_000140,"Fold the top in half, aligning the bottom and right sides."
2310,04172_Top_000498_000145,04172_Top_000498_000185,04172_Top_000498_000140,04172_Top_000498_000195,"Fold the top, bringing the bottom right side to meet the bottom left side."
2311,07480_Top_000880_000125,07480_Top_000880_000170,07480_Top_000880_000125,07480_Top_000880_000155,"Fold the top, making a crease from the bottom left to the bottom right."
2317,01598_Top_000201_000120,01598_Top_000201_000290,01598_Top_000201_000125,01598_Top_000201_000160,"Make a fold in the top, starting from the bottom left and ending at the bottom right."
2323,05019_Top_000600_000110,05019_Top_000600_000150,05019_Top_000600_000105,05019_Top_000600_000150,"Fold the top in half, starting from the bottom and ending at the top."
2328,01505_Top_000190_000170,01505_Top_000190_000195,01505_Top_000190_000175,01505_Top_000190_000220,"Crease the top down the middle, from left to right."
2329,05585_Top_000660_000150,05585_Top_000660_000255,05585_Top_000660_000220,05585_Top_000660_000250,"Bend the top in half, from bottom left to bottom right."
2330,05890_Top_000699_000145,05890_Top_000699_000205,05890_Top_000699_000140,05890_Top_000699_000195,"Fold the top, making sure the right side touches the left side."
2331,03372_Top_000397_000135,03372_Top_000397_000225,03372_Top_000397_000165,03372_Top_000397_000210,"Fold the top in half, aligning the bottom and top sides."
2335,07481_Top_000881_000095,07481_Top_000881_000145,07481_Top_000881_000095,07481_Top_000881_000130,"Fold the top in half, bottom to top."
2343,01449_Top_000182_000135,01449_Top_000182_000200,01449_Top_000182_000150,01449_Top_000182_000210,Bring the bottom side of the top towards the top side and fold them in half.
2347,02033_Top_000240_000125,02033_Top_000240_000175,02033_Top_000240_000135,02033_Top_000240_000185,"Fold the top cleanly, from the bottom side to the top side."
2349,07260_Top_000860_000115,07260_Top_000860_000155,07260_Top_000860_000120,07260_Top_000860_000160,Fold the top from the bottom left side towards the right side.
2350,06158_Top_000738_000125,06158_Top_000738_000165,06158_Top_000738_000130,06158_Top_000738_000165,"Make a fold in the top, starting from the bottom right and ending at the bottom left."
2356,03646_Top_000432_000155,03646_Top_000432_000210,03646_Top_000432_000160,03646_Top_000432_000210,"Fold the top, orientating from the bottom towards the top."
2357,00745_Top_000089_000120,00745_Top_000089_000155,00745_Top_000089_000115,00745_Top_000089_000150,"Fold the top in half, with the bottom right side overlapping the top."
2358,02065_Top_000244_000145,02065_Top_000244_000190,02065_Top_000244_000140,02065_Top_000244_000195,"Fold the waistband of the top in half, from bottom right to top."
2364,04887_Top_000584_000115,04887_Top_000584_000145,04887_Top_000584_000110,04887_Top_000584_000145,"Fold the top, making sure the bottom side touches the top side."
2367,00196_Top_000018_000125,00196_Top_000018_000180,00196_Top_000018_000125,00196_Top_000018_000160,"Bend the top in half, from bottom left to bottom right."
2371,02657_Top_000307_000110,02657_Top_000307_000145,02657_Top_000307_000110,02657_Top_000307_000150,"Fold the top, orientating from the bottom right towards the top."
2372,04786_Top_000572_000120,04786_Top_000572_000160,04786_Top_000572_000120,04786_Top_000572_000155,"Fold the top cleanly, from the bottom side to the top side."
2378,00476_Top_000059_000145,00476_Top_000059_000185,00476_Top_000059_000140,00476_Top_000059_000180,"Create a fold in the top, going from bottom right to bottom left."
2379,03708_Top_000440_000135,03708_Top_000440_000185,03708_Top_000440_000140,03708_Top_000440_000185,"Fold the top in half, starting from the bottom right and ending at the top."
2390,05707_Top_000679_000125,05707_Top_000679_000170,05707_Top_000679_000120,05707_Top_000679_000175,Fold the top from the bottom side towards the top side.
2391,01487_Top_000189_000125,01487_Top_000189_000165,01487_Top_000189_000115,01487_Top_000189_000155,"Fold the top, bottom side over top side."
2392,00789_Top_000095_000120,00789_Top_000095_000155,00789_Top_000095_000125,00789_Top_000095_000165,Bring the bottom right side of the top towards the left side and fold them in half.
2398,00444_Top_000054_000180,00444_Top_000054_000245,00444_Top_000054_000185,00444_Top_000054_000220,"Fold the top in half, aligning the bottom right and left sides."
2407,07166_Top_000849_000130,07166_Top_000849_000170,07166_Top_000849_000120,07166_Top_000849_000165,"Fold the top in half, with the bottom side overlapping the top."
2409,07463_Top_000878_000105,07463_Top_000878_000155,07463_Top_000878_000105,07463_Top_000878_000135,"Fold the top, making a crease from the bottom left to the bottom right."
2411,07520_Top_000887_000125,07520_Top_000887_000180,07520_Top_000887_000120,07520_Top_000887_000165,"Bend the top in half, from bottom to right."
2416,05329_Top_000630_000135,05329_Top_000630_000180,05329_Top_000630_000135,05329_Top_000630_000180,"Crease the top down the middle, from bottom right to top left."
2417,03666_Top_000435_000150,03666_Top_000435_000200,03666_Top_000435_000155,03666_Top_000435_000195,"Make a fold in the top, starting from the bottom and ending at the top."
2422,00278_Top_000035_000115,00278_Top_000035_000165,00278_Top_000035_000110,00278_Top_000035_000150,"Fold the top in half, starting from the bottom and ending at the right."
2426,03845_Top_000459_000125,03845_Top_000459_000170,03845_Top_000459_000125,03845_Top_000459_000175,"Fold the top in half, aligning the bottom right and top sides."
2428,00998_Top_000120_000150,00998_Top_000120_000220,00998_Top_000120_000145,00998_Top_000120_000195,"Fold the top, ensuring the bottom left side meets the top right side."
2440,00672_Top_000080_000120,00672_Top_000080_000165,00672_Top_000080_000115,00672_Top_000080_000160,"Fold the top in half, starting from the bottom and ending at the top."
2441,02360_Top_000273_000125,02360_Top_000273_000165,02360_Top_000273_000125,02360_Top_000273_000160,"Fold the top in half, starting from the bottom and ending at the top."
2443,03794_Top_000451_000125,03794_Top_000451_000205,03794_Top_000451_000160,03794_Top_000451_000210,"Fold the top in half, with the bottom side overlapping the top."
2445,05066_Top_000606_000160,05066_Top_000606_000210,05066_Top_000606_000160,05066_Top_000606_000200,"Fold the top cleanly, from the top left side to the bottom left side."
2448,05034_Top_000602_000120,05034_Top_000602_000160,05034_Top_000602_000115,05034_Top_000602_000155,"Fold the top, bottom side over top side."
2449,02478_Top_000287_000095,02478_Top_000287_000140,02478_Top_000287_000090,02478_Top_000287_000130,"Fold the top, bottom side over top side."
2451,00691_Top_000084_000110,00691_Top_000084_000155,00691_Top_000084_000105,00691_Top_000084_000145,"Fold the top in half horizontally, bottom to top."
2452,00067_Top_000005_000180,00067_Top_000005_000250,00067_Top_000005_000200,00067_Top_000005_000265,"Fold the waistband of the top in half, from bottom right to left."
2455,01057_Top_000130_000105,01057_Top_000130_000155,,,Fold the top from the bottom left side towards the bottom right side only using the left arm.
2459,05275_Top_000625_000130,05275_Top_000625_000165,05275_Top_000625_000130,05275_Top_000625_000160,"Create a fold in the top, going from bottom to top."
2461,06581_Top_000783_000140,06581_Top_000783_000170,06581_Top_000783_000135,06581_Top_000783_000180,Fold the top from the bottom right side towards the bottom left side.
2462,04850_Top_000579_000130,04850_Top_000579_000175,04850_Top_000579_000130,04850_Top_000579_000165,Fold the top from the left side towards the right side.
2464,01919_Top_000229_000125,01919_Top_000229_000195,01919_Top_000229_000115,01919_Top_000229_000170,"Fold the top, bringing the bottom side to meet the top side."
2465,05993_Top_000717_000120,05993_Top_000717_000160,05993_Top_000717_000120,05993_Top_000717_000155,"Make a fold in the top, starting from the bottom and ending at the top."
2466,05782_Top_000685_000125,05782_Top_000685_000165,05782_Top_000685_000130,05782_Top_000685_000170,"Fold the top, bottom side over top side."
2475,06196_Top_000746_000130,06196_Top_000746_000165,06196_Top_000746_000125,06196_Top_000746_000160,Bring the left side of the top towards the right side and fold them in half.
2476,00174_Top_000016_000160,00174_Top_000016_000205,00174_Top_000016_000160,00174_Top_000016_000200,"Fold the top, making sure the left side touches the right side."
2477,04579_Top_000552_000190,04579_Top_000552_000240,04579_Top_000552_000190,04579_Top_000552_000225,"Crease the top down the middle, from bottom to top."
2478,02749_Top_000324_000105,02749_Top_000324_000140,02749_Top_000324_000105,02749_Top_000324_000145,"Crease the top down the middle, from bottom to top."
2481,06813_Top_000815_000115,06813_Top_000815_000160,06813_Top_000815_000115,06813_Top_000815_000160,"Fold the top, making sure the bottom right side touches the top left side."
2483,06447_Top_000773_000090,06447_Top_000773_000120,06447_Top_000773_000095,06447_Top_000773_000120,"Fold the top, bottom side over top side."
2492,02561_Top_000299_000115,02561_Top_000299_000160,02561_Top_000299_000120,02561_Top_000299_000160,"Fold the top in half, aligning the bottom right and top sides."
2495,06153_Top_000737_000140,06153_Top_000737_000175,06153_Top_000737_000145,06153_Top_000737_000170,"Fold the top, bottom right side over left side."
2498,06448_Top_000774_000110,06448_Top_000774_000160,06448_Top_000774_000115,06448_Top_000774_000150,"Crease the top down the middle, from bottom left to bottom right."
2500,05637_Top_000669_000115,05637_Top_000669_000155,05637_Top_000669_000115,05637_Top_000669_000160,"Bend the top in half, from bottom right to top."
2501,03656_Top_000434_000170,03656_Top_000434_000220,03656_Top_000434_000170,03656_Top_000434_000215,"Crease the top down the middle, from left to right."
2503,01166_Top_000144_000150,01166_Top_000144_000210,01166_Top_000144_000170,01166_Top_000144_000205,"Fold the top, bottom side over top side."
2504,05797_Top_000689_000125,05797_Top_000689_000165,05797_Top_000689_000120,05797_Top_000689_000170,"Fold the top in half, bottom right to top."
2505,03763_Top_000448_000150,03763_Top_000448_000220,03763_Top_000448_000165,03763_Top_000448_000225,Bring the bottom side of the top towards the top side and fold them in half.
2508,06162_Top_000741_000145,06162_Top_000741_000180,06162_Top_000741_000145,06162_Top_000741_000180,"Fold the top in half, starting from the bottom left and ending at the bottom right."
2510,02537_Top_000295_000105,02537_Top_000295_000145,02537_Top_000295_000105,02537_Top_000295_000135,"Fold the top in half, starting from the bottom left and ending at the bottom right."
2514,05972_Top_000713_000160,05972_Top_000713_000195,05972_Top_000713_000160,05972_Top_000713_000190,"Fold the top in half, with the bottom side overlapping the top."
2517,01682_Top_000211_000120,01682_Top_000211_000175,01682_Top_000211_000115,01682_Top_000211_000160,"Bend the top in half, from bottom to top."
2525,05058_Top_000604_000120,05058_Top_000604_000160,05058_Top_000604_000120,05058_Top_000604_000165,"Fold the top in half, bottom right to top."
2531,00313_Top_000039_000135,00313_Top_000039_000205,00313_Top_000039_000135,00313_Top_000039_000180,"Fold the top, orientating from the top towards the bottom."
2532,01343_Top_000166_000130,01343_Top_000166_000180,01343_Top_000166_000120,01343_Top_000166_000170,"Fold the top, orientating from the bottom towards the top."
2533,06865_Top_000822_000120,06865_Top_000822_000170,06865_Top_000822_000120,06865_Top_000822_000160,"Fold the top neatly, from the left side to the right side."
2535,02902_Top_000349_000100,02902_Top_000349_000145,02902_Top_000349_000100,02902_Top_000349_000145,Bring the bottom side of the top towards the top side and fold them in half.
2536,06439_Top_000772_000105,06439_Top_000772_000135,06439_Top_000772_000105,06439_Top_000772_000135,"Make a fold in the top, starting from the bottom right and ending at the top."
2537,00245_Top_000031_000120,00245_Top_000031_000175,00245_Top_000031_000115,00245_Top_000031_000155,"Fold the waistband of the top in half, from bottom to top."
2538,07402_Top_000871_000150,07402_Top_000871_000185,07402_Top_000871_000145,07402_Top_000871_000185,"Crease the top down the middle, from bottom to top."
2540,04211_Top_000503_000155,04211_Top_000503_000210,04211_Top_000503_000160,04211_Top_000503_000210,"Fold the top in half horizontally, bottom to top."
2542,06765_Top_000810_000120,06765_Top_000810_000155,06765_Top_000810_000115,06765_Top_000810_000160,"Fold the top, bottom side over left side."
2546,06711_Top_000802_000130,06711_Top_000802_000180,06711_Top_000802_000140,06711_Top_000802_000180,"Fold the top neatly, from the bottom side to the top side."
2547,02771_Top_000328_000110,02771_Top_000328_000140,02771_Top_000328_000100,02771_Top_000328_000135,Fold the top from the bottom right side towards the top right side.
2548,07150_Top_000847_000145,07150_Top_000847_000185,07150_Top_000847_000135,07150_Top_000847_000185,"Fold the top in half, with the left side overlapping the right."
2549,05159_Top_000615_000170,05159_Top_000615_000210,05159_Top_000615_000165,05159_Top_000615_000210,"Fold the top in half, with the bottom side overlapping the top."
2555,06408_Top_000769_000140,06408_Top_000769_000190,06408_Top_000769_000145,06408_Top_000769_000185,"Make a fold in the top, starting from the bottom left and ending at the bottom right."
2556,01396_Top_000174_000125,01396_Top_000174_000180,01396_Top_000174_000125,01396_Top_000174_000165,"Make a fold in the top, starting from the bottom and ending at the top."
2560,03630_Top_000430_000150,03630_Top_000430_000205,03630_Top_000430_000150,03630_Top_000430_000190,"Make a fold in the top, starting from the bottom right and ending at the top right."
2563,00166_Top_000014_000115,00166_Top_000014_000165,00166_Top_000014_000115,00166_Top_000014_000150,"Fold the top neatly, from the bottom left side to the bottom right side."
2567,06688_Top_000800_000195,06688_Top_000800_000235,06688_Top_000800_000195,06688_Top_000800_000230,"Fold the top, bringing the bottom side to meet the top side."
2576,02517_Top_000291_000115,02517_Top_000291_000150,02517_Top_000291_000115,02517_Top_000291_000145,"Fold the top in half, bottom left to bottom right."
2578,03005_Top_000361_000105,03005_Top_000361_000135,03005_Top_000361_000100,03005_Top_000361_000145,"Fold the top in half horizontally, bottom to top."
2582,00881_Top_000105_000120,00881_Top_000105_000165,00881_Top_000105_000120,00881_Top_000105_000155,"Crease the top down the middle, from bottom to top."
2586,05980_Top_000714_000105,05980_Top_000714_000135,05980_Top_000714_000100,05980_Top_000714_000130,"Fold the top neatly, from the left side to the right side."
2589,00329_Top_000042_000120,00329_Top_000042_000155,00329_Top_000042_000115,00329_Top_000042_000160,"Fold the top, ensuring the right side meets the left side."
2593,02785_Top_000330_000110,02785_Top_000330_000155,02785_Top_000330_000115,02785_Top_000330_000165,"Fold the top in half, starting from the bottom right and ending at the top."
2597,04246_Top_000506_000175,04246_Top_000506_000210,04246_Top_000506_000175,04246_Top_000506_000200,"Bend the top in half, from bottom right to bottom."
2599,01508_Top_000191_000165,01508_Top_000191_000220,01508_Top_000191_000170,01508_Top_000191_000230,Fold the top from the bottom left side towards the bottom right side.
2600,02648_Top_000306_000115,02648_Top_000306_000150,02648_Top_000306_000115,02648_Top_000306_000160,"Fold the top neatly, from the bottom right side to the top side."
2602,06797_Top_000813_000100,06797_Top_000813_000135,06797_Top_000813_000100,06797_Top_000813_000125,"Crease the top down the middle, from bottom left to bottom right."
2605,00325_Top_000041_000185,00325_Top_000041_000235,00325_Top_000041_000175,00325_Top_000041_000230,"Fold the top, making sure the top side touches the bottom side."
2607,06374_Top_000766_000105,06374_Top_000766_000145,06374_Top_000766_000105,06374_Top_000766_000145,"Fold the top in half, aligning the bottom right and top sides."
2614,03475_Top_000410_000120,03475_Top_000410_000165,03475_Top_000410_000125,03475_Top_000410_000160,"Fold the top in half, aligning the bottom and top sides."
2616,05985_Top_000716_000150,05985_Top_000716_000200,05985_Top_000716_000145,05985_Top_000716_000185,"Fold the top in half horizontally, top to bottom."
2617,06069_Top_000725_000200,06069_Top_000725_000255,06069_Top_000725_000205,06069_Top_000725_000250,"Make a fold in the top, starting from the bottom and ending at the top."
2618,01334_Top_000161_000140,01334_Top_000161_000185,01334_Top_000161_000140,01334_Top_000161_000190,"Fold the waistband of the top in half, from bottom right to top."
2620,07042_Top_000835_000110,07042_Top_000835_000150,07042_Top_000835_000105,07042_Top_000835_000145,"Bend the top in half, from bottom to top."
2621,03512_Top_000416_000165,03512_Top_000416_000225,03512_Top_000416_000185,03512_Top_000416_000315,"Create a fold in the top, going from bottom left to top left."
2623,01056_Top_000129_000135,01056_Top_000129_000185,01056_Top_000129_000130,01056_Top_000129_000180,"Fold the top in half, bottom to top."
2624,00995_Top_000118_000225,00995_Top_000118_000280,00995_Top_000118_000225,00995_Top_000118_000290,"Fold the waistband of the top in half, from bottom to left."
2625,03594_Top_000426_000145,03594_Top_000426_000195,03594_Top_000426_000140,03594_Top_000426_000200,"Fold the top in half, with the bottom right side overlapping the top."
2631,00730_Top_000087_000145,00730_Top_000087_000195,00730_Top_000087_000150,00730_Top_000087_000205,"Fold the top in half, aligning the bottom and top sides."
2632,03696_Top_000439_000215,03696_Top_000439_000260,03696_Top_000439_000210,03696_Top_000439_000255,"Fold the top cleanly, from the bottom side to the top side."
2635,03529_Top_000420_000185,03529_Top_000420_000230,03529_Top_000420_000185,03529_Top_000420_000235,"Fold the top in half, bottom to top."
2639,03872_Top_000463_000140,03872_Top_000463_000220,03872_Top_000463_000175,03872_Top_000463_000205,"Fold the top, bringing the bottom left side to meet the bottom right side."
2643,07470_Top_000879_000125,07470_Top_000879_000160,07470_Top_000879_000120,07470_Top_000879_000155,"Fold the waistband of the top in half, from bottom right to top."
2646,06504_Top_000778_000115,06504_Top_000778_000150,06504_Top_000778_000110,06504_Top_000778_000145,"Fold the top cleanly, from the bottom side to the top side."
2647,06358_Top_000765_000130,06358_Top_000765_000165,06358_Top_000765_000135,06358_Top_000765_000170,"Fold the top, making a crease from the bottom right to the bottom left."
2648,05879_Top_000697_000150,05879_Top_000697_000190,05879_Top_000697_000145,05879_Top_000697_000200,"Fold the top cleanly, from the bottom right side to the bottom left side."
2651,00865_Top_000104_000125,00865_Top_000104_000180,00865_Top_000104_000140,00865_Top_000104_000185,"Fold the top, ensuring the bottom right side meets the top side."
2652,01345_Top_000167_000135,01345_Top_000167_000180,01345_Top_000167_000135,01345_Top_000167_000190,"Fold the top, making sure the bottom side touches the top side."
2654,04017_Top_000477_000185,04017_Top_000477_000220,04017_Top_000477_000190,04017_Top_000477_000220,"Fold the top in half, starting from the bottom and ending at the top."
2656,06219_Top_000748_000110,06219_Top_000748_000145,06219_Top_000748_000110,06219_Top_000748_000145,"Fold the top in half horizontally, bottom right to top left."
2657,04603_Top_000558_000100,04603_Top_000558_000135,04603_Top_000558_000100,04603_Top_000558_000135,"Fold the top in half, starting from the bottom and ending at the top."
2663,02025_Top_000239_000160,02025_Top_000239_000190,02025_Top_000239_000160,02025_Top_000239_000200,"Fold the top in half, with the bottom right side overlapping the bottom left."
2667,06696_Top_000801_000120,06696_Top_000801_000165,06696_Top_000801_000115,06696_Top_000801_000165,"Fold the waistband of the top in half, from bottom to top."
2669,02393_Top_000278_000125,02393_Top_000278_000175,02393_Top_000278_000125,02393_Top_000278_000160,"Fold the top, bottom side over top side."
2672,00086_Top_000007_000150,00086_Top_000007_000200,00086_Top_000007_000140,00086_Top_000007_000185,Fold the top from the bottom side towards the top side.
2679,01419_Top_000178_000195,01419_Top_000178_000240,01419_Top_000178_000190,01419_Top_000178_000235,"Fold the top in half, aligning the bottom and top sides."
2680,02548_Top_000296_000100,02548_Top_000296_000135,02548_Top_000296_000100,02548_Top_000296_000145,"Fold the top, making a crease from the bottom right to the top."
2688,00606_Top_000073_000125,00606_Top_000073_000165,00606_Top_000073_000115,00606_Top_000073_000150,Bring the bottom side of the top towards the top side and fold them in half.
2693,06333_Top_000764_000140,06333_Top_000764_000175,06333_Top_000764_000135,06333_Top_000764_000180,"Create a fold in the top, going from top to right."
2694,02809_Top_000333_000110,02809_Top_000333_000150,02809_Top_000333_000115,02809_Top_000333_000155,"Fold the top, bringing the bottom side to meet the top side."
2696,04185_Top_000500_000135,04185_Top_000500_000180,04185_Top_000500_000135,04185_Top_000500_000180,"Fold the top, making sure the bottom side touches the top side."
2697,06561_Top_000781_000130,06561_Top_000781_000175,06561_Top_000781_000130,06561_Top_000781_000165,"Create a fold in the top, going from bottom left to bottom right."
2698,04946_Top_000591_000130,04946_Top_000591_000190,04946_Top_000591_000140,04946_Top_000591_000195,"Fold the top in half, aligning the bottom and top sides."
2700,04417_Top_000531_000155,04417_Top_000531_000240,04417_Top_000531_000190,04417_Top_000531_000230,"Fold the top cleanly, from the left side to the right side."
2703,07241_Top_000859_000145,07241_Top_000859_000190,07241_Top_000859_000150,07241_Top_000859_000190,"Bend the top in half, from bottom right to top left."
2705,04895_Top_000585_000105,04895_Top_000585_000140,04895_Top_000585_000100,04895_Top_000585_000135,"Fold the top cleanly, from the bottom side to the top side."
2711,00731_Top_000088_000150,00731_Top_000088_000195,00731_Top_000088_000150,00731_Top_000088_000185,"Make a fold in the top, starting from the bottom left and ending at the bottom right."
2713,01681_Top_000210_000135,01681_Top_000210_000175,01681_Top_000210_000125,01681_Top_000210_000175,Bring the bottom side of the top towards the top side and fold them in half.
2714,03129_Top_000377_000140,03129_Top_000377_000170,03129_Top_000377_000130,03129_Top_000377_000170,"Fold the top cleanly, from the bottom side to the top side."
2715,06599_Top_000786_000125,06599_Top_000786_000155,06599_Top_000786_000120,06599_Top_000786_000150,"Fold the top in half, with the bottom side overlapping the top."
2720,04196_Top_000501_000120,04196_Top_000501_000175,04196_Top_000501_000120,04196_Top_000501_000165,"Fold the top in half, bottom to top."
2723,02223_Top_000257_000135,02223_Top_000257_000170,02223_Top_000257_000130,02223_Top_000257_000180,"Fold the top, making sure the bottom right side touches the top side."
2728,00081_Top_000006_000245,00081_Top_000006_000300,00081_Top_000006_000245,00081_Top_000006_000305,"Fold the top neatly, from the bottom right side to the top left side."
2730,01894_Top_000226_000135,01894_Top_000226_000205,01894_Top_000226_000130,01894_Top_000226_000185,"Fold the waistband of the top in half, from top to bottom."
2731,01167_Top_000145_000165,01167_Top_000145_000200,01167_Top_000145_000155,01167_Top_000145_000200,"Fold the top, ensuring the bottom right side meets the bottom left side."
2734,00216_Top_000024_000175,00216_Top_000024_000240,00216_Top_000024_000165,00216_Top_000024_000220,"Fold the top, ensuring the top side meets the bottom side."
2736,02757_Top_000327_000120,02757_Top_000327_000155,02757_Top_000327_000115,02757_Top_000327_000165,"Bend the top in half, from bottom to top."
2741,07448_Top_000876_000145,07448_Top_000876_000190,07448_Top_000876_000150,07448_Top_000876_000190,"Crease the top down the middle, from bottom to top."
2747,04229_Top_000504_000240,04229_Top_000504_000295,04229_Top_000504_000245,04229_Top_000504_000350,Fold the top from the bottom left side towards the top side.
2748,01834_Top_000224_000130,01834_Top_000224_000170,01834_Top_000224_000125,01834_Top_000224_000165,"Bend the top in half, from left to right."
2749,02150_Top_000249_000130,02150_Top_000249_000170,02150_Top_000249_000130,02150_Top_000249_000180,Fold the top from the bottom right side towards the top side.
2755,04273_Top_000509_000125,04273_Top_000509_000220,04273_Top_000509_000155,04273_Top_000509_000200,"Create a fold in the top, going from bottom to top."
2757,07345_Top_000869_000145,07345_Top_000869_000195,07345_Top_000869_000145,07345_Top_000869_000180,Bring the bottom left side of the top towards the bottom right side and fold them in half.
2759,00065_Top_000004_000140,00065_Top_000004_000200,00065_Top_000004_000125,00065_Top_000004_000175,"Bend the top in half, from bottom to top."
2764,04783_Top_000571_000130,04783_Top_000571_000170,04783_Top_000571_000120,04783_Top_000571_000165,"Fold the top, making a crease from the bottom to the top."
2768,00288_Top_000037_000140,00288_Top_000037_000200,00288_Top_000037_000140,00288_Top_000037_000180,"Make a fold in the top, starting from the bottom right and ending at the left."
2769,01404_Top_000176_000135,01404_Top_000176_000175,01404_Top_000176_000135,01404_Top_000176_000190,"Fold the top neatly, from the bottom right side to the left side."
2771,01392_Top_000172_000170,01392_Top_000172_000310,01392_Top_000172_000255,01392_Top_000172_000320,"Fold the waistband of the top in half, from bottom left to right."
2772,03540_Top_000422_000150,03540_Top_000422_000200,03540_Top_000422_000150,03540_Top_000422_000205,"Fold the top in half, bottom right to top."
2777,03831_Top_000456_000150,03831_Top_000456_000255,03831_Top_000456_000205,03831_Top_000456_000260,"Fold the top in half, with the bottom right side overlapping the top."
2778,06997_Top_000834_000140,06997_Top_000834_000190,06997_Top_000834_000135,06997_Top_000834_000185,"Bend the top in half, from bottom to top."
2784,06764_Top_000809_000110,06764_Top_000809_000150,06764_Top_000809_000115,06764_Top_000809_000145,"Fold the top in half horizontally, bottom to top."
2786,03611_Top_000427_000130,03611_Top_000427_000185,03611_Top_000427_000135,03611_Top_000427_000170,"Fold the top, ensuring the bottom left side meets the bottom right side."
2787,01294_Top_000157_000115,01294_Top_000157_000180,01294_Top_000157_000130,01294_Top_000157_000190,"Fold the top in half horizontally, bottom right to top."
2788,01342_Top_000165_000145,01342_Top_000165_000175,,,Straighten out the bottom left part of the top only using the left arm.
2792,06106_Top_000730_000105,06106_Top_000730_000135,06106_Top_000730_000100,06106_Top_000730_000130,"Create a fold in the top, going from bottom left to top right."
2793,02931_Top_000351_000115,02931_Top_000351_000140,02931_Top_000351_000105,02931_Top_000351_000140,"Fold the top in half, aligning the bottom and top sides."
2797,05520_Top_000656_000125,05520_Top_000656_000175,05520_Top_000656_000130,05520_Top_000656_000175,"Fold the top cleanly, from the bottom right side to the top side."
2800,07142_Top_000846_000115,07142_Top_000846_000220,07142_Top_000846_000175,07142_Top_000846_000220,"Fold the top, bringing the bottom right side to meet the top side."
2802,05188_Top_000619_000120,05188_Top_000619_000155,05188_Top_000619_000115,05188_Top_000619_000155,"Make a fold in the top, starting from the bottom and ending at the top."
2813,05379_Top_000639_000125,05379_Top_000639_000225,05379_Top_000639_000175,05379_Top_000639_000215,"Fold the top in half, aligning the bottom and top sides."
2814,03674_Top_000437_000145,03674_Top_000437_000180,03674_Top_000437_000140,03674_Top_000437_000190,"Fold the top neatly, from the bottom right side to the bottom left side."
2815,02314_Top_000270_000145,02314_Top_000270_000195,02314_Top_000270_000140,02314_Top_000270_000195,"Fold the top in half, bottom to top."
2817,02068_Top_000245_000140,02068_Top_000245_000180,02068_Top_000245_000135,02068_Top_000245_000180,"Fold the top, ensuring the bottom side meets the top side."
2818,03326_Top_000394_000225,03326_Top_000394_000285,03326_Top_000394_000230,03326_Top_000394_000300,"Fold the top cleanly, from the bottom right side to the top side."
2820,04553_Top_000548_000135,04553_Top_000548_000175,04553_Top_000548_000135,04553_Top_000548_000170,"Make a fold in the top, starting from the bottom and ending at the top."
2821,05859_Top_000693_000125,05859_Top_000693_000170,05859_Top_000693_000125,05859_Top_000693_000175,"Fold the top, ensuring the bottom right side meets the top side."
2823,06614_Top_000790_000120,06614_Top_000790_000155,06614_Top_000790_000125,06614_Top_000790_000150,"Fold the top, ensuring the bottom side meets the top side."
2825,01943_Top_000233_000150,01943_Top_000233_000185,01943_Top_000233_000140,01943_Top_000233_000195,Fold the top from the bottom side towards the top side.
2830,01465_Top_000185_000185,01465_Top_000185_000235,01465_Top_000185_000190,01465_Top_000185_000240,"Fold the top, making sure the bottom side touches the top side."
2831,01224_Top_000150_000165,01224_Top_000150_000215,01224_Top_000150_000170,01224_Top_000150_000220,Fold the top from the bottom side towards the top side.
2832,06983_Top_000832_000120,06983_Top_000832_000160,06983_Top_000832_000115,06983_Top_000832_000155,"Fold the top in half, starting from the bottom right and ending at the top."
2833,03961_Top_000474_000190,03961_Top_000474_000260,03961_Top_000474_000205,03961_Top_000474_000260,"Crease the top down the middle, from bottom left to top."
2835,04573_Top_000551_000115,04573_Top_000551_000155,04573_Top_000551_000115,04573_Top_000551_000150,"Fold the top in half, with the bottom side overlapping the top."
2842,02371_Top_000274_000130,02371_Top_000274_000170,02371_Top_000274_000130,02371_Top_000274_000170,"Fold the top, ensuring the bottom left side meets the right side."
2843,03636_Top_000431_000190,03636_Top_000431_000230,03636_Top_000431_000180,03636_Top_000431_000210,"Fold the top neatly, from the right side to the bottom side."
2844,07204_Top_000858_000100,07204_Top_000858_000150,07204_Top_000858_000100,07204_Top_000858_000135,"Fold the top, bottom side over top side."
2845,06221_Top_000749_000120,06221_Top_000749_000155,06221_Top_000749_000125,06221_Top_000749_000150,"Make a fold in the top, starting from the left and ending at the right."
2848,05941_Top_000708_000165,05941_Top_000708_000200,05941_Top_000708_000165,05941_Top_000708_000210,"Fold the top in half, bottom right to bottom left."
2850,03524_Top_000419_000150,03524_Top_000419_000185,03524_Top_000419_000145,03524_Top_000419_000195,"Fold the top in half, starting from the bottom and ending at the top."
2853,02177_Top_000251_000140,02177_Top_000251_000180,02177_Top_000251_000135,02177_Top_000251_000185,"Fold the top, ensuring the bottom right side meets the top side."
2855,01338_Top_000162_000125,01338_Top_000162_000180,01338_Top_000162_000120,01338_Top_000162_000160,Fold the top from the bottom side towards the top side.
2858,06773_Top_000811_000105,06773_Top_000811_000155,06773_Top_000811_000105,06773_Top_000811_000150,"Bend the top in half, from bottom to top."
2859,00336_Top_000043_000115,00336_Top_000043_000160,00336_Top_000043_000115,00336_Top_000043_000150,"Fold the top in half horizontally, bottom left to bottom right."
2862,05783_Top_000686_000110,05783_Top_000686_000210,05783_Top_000686_000160,05783_Top_000686_000215,"Fold the top in half, with the bottom side overlapping the top."
2863,03170_Top_000379_000100,03170_Top_000379_000135,03170_Top_000379_000100,03170_Top_000379_000140,"Fold the waistband of the top in half, from bottom to left."
2867,02726_Top_000320_000105,02726_Top_000320_000145,02726_Top_000320_000100,02726_Top_000320_000140,"Make a fold in the top, starting from the bottom right and ending at the left."
2871,00996_Top_000119_000170,00996_Top_000119_000210,00996_Top_000119_000165,00996_Top_000119_000220,"Make a fold in the top, starting from the bottom right and ending at the bottom left."
2875,00128_Top_000011_000115,00128_Top_000011_000160,00128_Top_000011_000115,00128_Top_000011_000145,"Fold the waistband of the top in half, from bottom left to bottom right."
2879,03751_Top_000446_000205,03751_Top_000446_000240,03751_Top_000446_000155,03751_Top_000446_000250,"Fold the top in half, with the bottom side overlapping the top."
2882,04490_Top_000538_000140,04490_Top_000538_000180,04490_Top_000538_000130,04490_Top_000538_000175,"Fold the top in half horizontally, bottom to right."
2886,05725_Top_000680_000130,05725_Top_000680_000170,05725_Top_000680_000130,05725_Top_000680_000170,"Fold the top in half, starting from the bottom right and ending at the top left."
2889,06095_Top_000727_000125,06095_Top_000727_000170,06095_Top_000727_000125,06095_Top_000727_000160,"Fold the top, orientating from the left towards the right."
2891,03521_Top_000418_000150,03521_Top_000418_000220,03521_Top_000418_000150,03521_Top_000418_000200,"Fold the top, ensuring the bottom left side meets the bottom right side."
2893,03267_Top_000387_000560,03267_Top_000387_000670,03267_Top_000387_000615,03267_Top_000387_000670,"Fold the top, orientating from the bottom towards the top."
2895,06636_Top_000793_000110,06636_Top_000793_000150,06636_Top_000793_000115,06636_Top_000793_000145,"Fold the top in half, with the bottom right side overlapping the left."
2896,04794_Top_000573_000110,04794_Top_000573_000145,04794_Top_000573_000110,04794_Top_000573_000140,"Fold the top, making a crease from the bottom to the top."
2897,01393_Top_000173_000165,01393_Top_000173_000220,01393_Top_000173_000170,01393_Top_000173_000210,"Bend the top in half, from bottom right to bottom left."
2901,05282_Top_000626_000105,05282_Top_000626_000190,05282_Top_000626_000150,05282_Top_000626_000175,Bring the bottom left side of the top towards the bottom right side and fold them in half.
2903,01605_Top_000202_000180,01605_Top_000202_000265,01605_Top_000202_000175,01605_Top_000202_000235,"Fold the top in half, aligning the bottom and top sides."
2904,06377_Top_000767_000120,06377_Top_000767_000160,06377_Top_000767_000125,06377_Top_000767_000160,"Crease the top down the middle, from bottom to top."
2907,04139_Top_000493_000160,04139_Top_000493_000215,04139_Top_000493_000165,04139_Top_000493_000220,"Fold the top, bringing the bottom side to meet the top side."
2908,04552_Top_000547_000130,04552_Top_000547_000165,04552_Top_000547_000130,04552_Top_000547_000160,"Fold the top, making a crease from the bottom to the top."
2911,06971_Top_000830_000110,06971_Top_000830_000150,06971_Top_000830_000110,06971_Top_000830_000140,"Fold the top cleanly, from the bottom side to the top side."
2916,00719_Top_000086_000165,00719_Top_000086_000205,00719_Top_000086_000160,00719_Top_000086_000195,"Fold the waistband of the top in half, from bottom to top."
2919,02466_Top_000286_000145,02466_Top_000286_000190,02466_Top_000286_000145,02466_Top_000286_000175,"Fold the top, making a crease from the bottom left to the bottom right."
2920,00118_Top_000010_000165,00118_Top_000010_000220,00118_Top_000010_000165,00118_Top_000010_000200,"Fold the top, making a crease from the left to the right."
2921,05554_Top_000657_000125,05554_Top_000657_000175,05554_Top_000657_000125,05554_Top_000657_000165,"Fold the top in half, aligning the bottom and top sides."
2926,07154_Top_000848_000160,07154_Top_000848_000200,07154_Top_000848_000155,07154_Top_000848_000200,"Fold the top cleanly, from the left side to the right side."
2927,03542_Top_000423_000145,03542_Top_000423_000190,03542_Top_000423_000145,03542_Top_000423_000195,"Bend the top in half, from bottom right to top."
2933,01948_Top_000234_000140,01948_Top_000234_000180,01948_Top_000234_000140,01948_Top_000234_000190,"Fold the top cleanly, from the bottom right side to the top side."
2936,06827_Top_000818_000130,06827_Top_000818_000170,06827_Top_000818_000125,06827_Top_000818_000165,"Fold the top, bottom side over top side."
2937,07283_Top_000864_000125,07283_Top_000864_000165,07283_Top_000864_000125,07283_Top_000864_000165,"Fold the top, ensuring the bottom side meets the top side."
2938,07192_Top_000854_000165,07192_Top_000854_000205,07192_Top_000854_000165,07192_Top_000854_000210,"Create a fold in the top, going from bottom left to bottom right."
2940,03992_Top_000476_000145,03992_Top_000476_000205,03992_Top_000476_000145,03992_Top_000476_000190,"Fold the top in half, with the bottom left side overlapping the right."
2941,06233_Top_000751_000110,06233_Top_000751_000135,06233_Top_000751_000100,06233_Top_000751_000130,"Fold the top in half, starting from the bottom and ending at the top."
2943,00904_Top_000108_000170,00904_Top_000108_000210,00904_Top_000108_000155,00904_Top_000108_000200,"Fold the top in half, starting from the bottom right and ending at the top left."
2950,03174_Top_000381_000100,03174_Top_000381_000140,03174_Top_000381_000100,03174_Top_000381_000135,Fold the top from the top left side towards the bottom left side.
2952,02220_Top_000256_000120,02220_Top_000256_000160,02220_Top_000256_000120,02220_Top_000256_000170,"Crease the top down the middle, from bottom right to top left."
2954,00885_Top_000106_000115,00885_Top_000106_000160,00885_Top_000106_000115,00885_Top_000106_000160,"Crease the top down the middle, from bottom to top."
2957,00236_Top_000027_000110,00236_Top_000027_000235,00236_Top_000027_000180,00236_Top_000027_000245,Fold the top from the bottom left side towards the top left side.
2959,02679_Top_000311_000095,02679_Top_000311_000130,02679_Top_000311_000090,02679_Top_000311_000125,"Fold the top, bringing the bottom side to meet the top side."
2961,03914_Top_000467_000125,03914_Top_000467_000170,03914_Top_000467_000120,03914_Top_000467_000155,"Fold the top in half, bottom left to bottom right."
2966,06300_Top_000760_000120,06300_Top_000760_000160,06300_Top_000760_000130,06300_Top_000760_000160,"Fold the top in half horizontally, bottom right to top left."
2968,02230_Top_000259_000120,02230_Top_000259_000170,02230_Top_000259_000130,02230_Top_000259_000170,"Fold the top in half, aligning the top right and bottom right sides."
2971,02633_Top_000303_000115,02633_Top_000303_000150,02633_Top_000303_000105,02633_Top_000303_000150,"Fold the top cleanly, from the bottom side to the top side."
2973,00824_Top_000099_000115,00824_Top_000099_000150,00824_Top_000099_000110,00824_Top_000099_000140,"Fold the waistband of the top in half, from bottom to top."
2974,00769_Top_000091_000160,00769_Top_000091_000195,00769_Top_000091_000150,00769_Top_000091_000195,Bring the bottom left side of the top towards the top side and fold them in half.
2976,07074_Top_000839_000120,07074_Top_000839_000165,07074_Top_000839_000125,07074_Top_000839_000165,"Fold the top, making a crease from the bottom right to the top."
2981,06847_Top_000820_000145,06847_Top_000820_000175,06847_Top_000820_000150,06847_Top_000820_000185,"Fold the top in half, with the bottom side overlapping the left."
2985,00416_Top_000052_000115,00416_Top_000052_000170,00416_Top_000052_000115,00416_Top_000052_000155,Fold the top from the top side towards the bottom side.
2987,03648_Top_000433_000155,03648_Top_000433_000205,03648_Top_000433_000150,03648_Top_000433_000195,"Fold the top in half, starting from the bottom left and ending at the top."
2988,02414_Top_000280_000165,02414_Top_000280_000200,02414_Top_000280_000160,02414_Top_000280_000205,"Fold the top neatly, from the bottom right side to the top left side."
2990,03688_Top_000438_000190,03688_Top_000438_000230,03688_Top_000438_000140,03688_Top_000438_000235,"Fold the top, ensuring the bottom side meets the top side."
2998,02422_Top_000283_000100,02422_Top_000283_000140,02422_Top_000283_000090,02422_Top_000283_000135,"Fold the top, making a crease from the bottom to the top."
2999,04846_Top_000578_000145,04846_Top_000578_000190,04846_Top_000578_000140,04846_Top_000578_000195,"Fold the top in half horizontally, bottom right to top."
